,submarket_name,cbsaid,building_rating_id,Density,Rent,Revenue,rating_bin,Rent_bin
406,Ballston,47900.0,4,20,41.50179,830.0358,High,High Quality Expensive
548,Bellevue CBD,42660.0,4,18,56.28976,1013.21568,High,High Quality Expensive
634,Birmingham-Hoover,13820.0,4,6,199.0754511166565,1194.452706699939,High,High Quality Expensive
640,Bishop Ranch,36084.0,4,15,38.643143,579.647145,High,High Quality Expensive
815,Brickell,33124.0,4,13,51.369175,667.799275,High,High Quality Expensive
961,CBD,16740.0,4,17,35.875584,609.8849280000001,High,High Quality Expensive
987,CBD,19740.0,4,36,34.15781,1229.6811599999999,High,High Quality Expensive
1001,CBD,26420.0,4,24,35.077627,841.8630479999999,High,High Quality Expensive
1033,CBD,38300.0,4,35,29.501515,1032.553025,High,High Quality Less Expensive
1070,CBD,46520.0,4,18,34.478901,620.620218,High,High Quality Expensive
1074,CBD,47900.0,4,88,56.051841,4932.562008,High,High Quality Expensive
1198,Capitol Riverfront,47900.0,4,7,52.190758,365.335306,High,High Quality Expensive
1367,Central Loop,16980.0,4,33,40.79815,1346.33895,High,High Quality Expensive
1445,Century City,31084.0,4,13,60.770494,790.016422,High,High Quality Expensive
1605,Clarendon/Courthouse,47900.0,4,16,41.127571,658.041136,High,High Quality Expensive
1789,Conshohocken,37980.0,4,17,36.648165,623.0188049999999,High,High Quality Expensive
1897,Crown Center,28140.0,4,8,22.602223,180.817784,High,High Quality Less Expensive
1901,Crystal City,47900.0,4,19,39.008886,741.168834,High,High Quality Expensive
2041,Del Mar Hts/Carmel Valley,41740.0,4,32,54.198471,1734.351072,High,High Quality Expensive
2065,Denver Tech Center,19740.0,4,37,29.623603,1096.0733109999999,High,High Quality Less Expensive
2371,Downtown Florence MF,22520.0,4,1,21.354924881595835,21.354924881595835,High,High Quality Less Expensive
2523,Downtown Norfolk,47260.0,4,8,25.130674,201.045392,High,High Quality Less Expensive
2740,E Cambridge/Kendall Sq,14460.0,4,33,90.537718,2987.744694,High,High Quality Expensive
2778,Earth City/Riverport,41180.0,4,10,21.732273,217.32272999999998,High,High Quality Less Expensive
2859,East End,47900.0,4,107,58.911598,6303.540986,High,High Quality Expensive
2887,East I-287 Corridor,35614.0,4,32,33.875944,1084.030208,High,High Quality Expensive
3332,Financial District,35614.0,4,30,59.423332,1782.6999600000001,High,High Quality Expensive
3336,Financial District,41884.0,4,55,64.476477,3546.206235,High,High Quality Expensive
3538,Galleria/Uptown,26420.0,4,27,30.853828,833.053356,High,High Quality Expensive
3664,Grand Central,35614.0,4,52,73.319018,3812.588936,High,High Quality Expensive
4070,Herndon,47900.0,4,40,37.233985,1489.3593999999998,High,High Quality Expensive
4229,Hwy 280/Jefferson County,13820.0,4,16,25.451067,407.217072,High,High Quality Less Expensive
4574,Kenosha West,16980.0,4,1,22.103446690992953,22.103446690992953,High,High Quality Less Expensive
5200,Market Street West,37980.0,4,40,34.750008,1390.00032,High,High Quality Expensive
5341,Meridian,19740.0,4,13,26.835193,348.857509,High,High Quality Less Expensive
5620,Moffett Park,41940.0,4,7,76.679129,536.753903,High,High Quality Expensive
6040,NoMa,47900.0,4,16,51.679695,826.87512,High,High Quality Expensive
6265,North Michigan Avenue,16980.0,4,22,40.909413,900.0070860000001,High,High Quality Expensive
6381,North/Domain,12420.0,4,24,47.348865,1136.3727600000002,High,High Quality Expensive
6489,Northeast Mobile,33660.0,4,1,18.061606,18.061606,High,High Quality Less Expensive
7327,Pentagon City,47900.0,4,4,39.830933,159.323732,High,High Quality Expensive
7331,Peoria,37900.0,4,1,13.316425771476327,13.316425771476327,High,High Quality Less Expensive
7431,Plaza District,35614.0,4,117,89.59278,10482.35526,High,High Quality Expensive
7457,Polaris,18140.0,4,20,24.605283,492.10566,High,High Quality Less Expensive
7619,RTP/RDU,39580.0,4,25,30.033915,750.847875,High,High Quality Expensive
7849,Rosslyn,47900.0,4,20,46.396607,927.9321400000001,High,High Quality Expensive
8321,Seattle CBD,42660.0,4,34,42.552889,1446.798226,High,High Quality Expensive
8390,Shelton,14860.0,4,14,25.635959,358.90342599999997,High,High Quality Less Expensive
8721,South Natomas,40900.0,4,21,30.128318,632.694678,High,High Quality Expensive
8782,South Santa Ana,11244.0,4,7,29.292228,205.04559600000002,High,High Quality Less Expensive
9007,Southwest,47900.0,4,18,51.974819,935.546742,High,High Quality Expensive
9138,Spring Lake,22180.0,4,1,21.199168,21.199168,High,High Quality Less Expensive
9238,Stamford,14860.0,4,53,42.82313,2269.62589,High,High Quality Expensive
9455,The City Area,11244.0,4,8,30.30376,242.43008,High,High Quality Expensive
9668,University City,37980.0,4,5,44.846702,224.23351,High,High Quality Expensive
9745,Uptown/Turtle Creek,19100.0,4,30,44.069054,1322.07162,High,High Quality Expensive
9749,Urban Center/Wingren,19100.0,4,19,32.119355,610.267745,High,High Quality Expensive
9833,Virginia Square,47900.0,4,5,39.608171,198.040855,High,High Quality Expensive
9873,Waikiki,46520.0,4,4,37.817461,151.269844,High,High Quality Expensive
10139,West End,47900.0,4,9,52.998338,476.98504199999996,High,High Quality Expensive
10187,West Loop,16980.0,4,40,40.875372,1635.01488,High,High Quality Expensive
10244,West Plains,48460.0,4,1,26.133592611744003,26.133592611744003,High,High Quality Less Expensive
10552,World Trade Center,35614.0,4,21,63.211531,1327.442151,High,High Quality Expensive
0,10th & Page MF,16820.0,3,1,23.16370596241479,23.16370596241479,Medium,Medium Quality Expensive
2,190th Street Corridor,31084.0,3,18,32.272375,580.90275,Medium,Medium Quality Expensive
9,385 Corridor,32820.0,3,48,21.026769,1009.2849120000001,Medium,Medium Quality Expensive
20,520 Corridor,42660.0,3,46,36.458601,1677.095646,Medium,Medium Quality Expensive
23,6 Forks Falls of Neuse,39580.0,3,143,22.647265,3238.558895,Medium,Medium Quality Expensive
50,Airport,16740.0,3,60,26.310759,1578.64554,Medium,Medium Quality Expensive
58,Airport,30780.0,3,2,19.550538,39.101076,Medium,Medium Quality Less Expensive
71,Airport Area,38060.0,3,32,22.516561,720.529952,Medium,Medium Quality Expensive
75,Airport Area,40140.0,3,111,25.909605,2875.966155,Medium,Medium Quality Expensive
93,Airport/International Ctr,41620.0,3,8,21.672647,173.381176,Medium,Medium Quality Expensive
130,Albuquerque,10740.0,3,9,24.170217404449414,217.5319566400447,Medium,Medium Quality Expensive
141,Alexandria,10820.0,3,5,20.98417842939768,104.9208921469884,Medium,Medium Quality Expensive
147,Allen/McKinney,19100.0,3,92,30.6071,2815.8532,Medium,Medium Quality Expensive
150,Allentown-Bethlehem-Easton,10900.0,3,9,23.971987503868796,215.74788753481917,Medium,Medium Quality Expensive
153,Alliance,19100.0,3,25,27.81097,695.27425,Medium,Medium Quality Expensive
174,Amber Valley MF,22020.0,3,5,21.308103746954945,106.54051873477472,Medium,Medium Quality Expensive
180,Ames,11180.0,3,3,19.243170565976122,57.729511697928366,Medium,Medium Quality Less Expensive
188,Anaheim-Santa Ana-Irvine,11244.0,3,67,32.68868904926269,2190.1421663006004,Medium,Medium Quality Expensive
191,Anchorage,11260.0,3,11,33.50918818532813,368.6010700386094,Medium,Medium Quality Expensive
205,Andrews,11380.0,3,1,19.67515694970099,19.67515694970099,Medium,Medium Quality Less Expensive
209,Ankeny,19780.0,3,16,23.080077,369.281232,Medium,Medium Quality Expensive
211,Ann Arbor,11460.0,3,5,16.99058559752565,84.95292798762826,Medium,Medium Quality Less Expensive
231,Antelope Valley,31084.0,3,49,30.94083,1516.1006699999998,Medium,Medium Quality Expensive
246,Arapahoe Rd,19740.0,3,22,22.848538,502.667836,Medium,Medium Quality Expensive
250,Arcadia,11580.0,3,4,19.025960078617665,76.10384031447066,Medium,Medium Quality Less Expensive
269,Arrowhead,38060.0,3,124,25.877131,3208.764244,Medium,Medium Quality Expensive
297,Athens,11900.0,3,4,17.29027072127768,69.16108288511072,Medium,Medium Quality Less Expensive
302,Athens,26620.0,3,4,17.357373,69.429492,Medium,Medium Quality Less Expensive
329,Auburn Hills,19820.0,3,13,22.842714,296.955282,Medium,Medium Quality Expensive
354,Austin-Round Rock,12420.0,3,19,45.891949702080936,871.9470443395378,Medium,Medium Quality Expensive
362,Aventura,33124.0,3,15,44.753999,671.309985,Medium,Medium Quality Expensive
369,BWI Howard County,12580.0,3,7,21.721844,152.052908,Medium,Medium Quality Expensive
371,BWI North/Linthicum,12580.0,3,20,23.530014,470.60028,Medium,Medium Quality Expensive
374,BWI/Anne Arundel,12580.0,3,24,25.70356,616.88544,Medium,Medium Quality Expensive
381,Back Bay,14460.0,3,38,50.293214,1911.142132,Medium,Medium Quality Expensive
387,Bainbridge Island,14740.0,3,12,27.28748,327.44975999999997,Medium,Medium Quality Expensive
389,Baker County,27260.0,3,1,21.883138,21.883138,Medium,Medium Quality Expensive
391,Bakersfield,12540.0,3,7,26.439854296306148,185.07898007414303,Medium,Medium Quality Expensive
432,Baltimore-Columbia-Towson,12580.0,3,40,28.456575688757223,1138.2630275502888,Medium,Medium Quality Expensive
448,Barracks Rugby MF,16820.0,3,2,18.876283707651496,37.75256741530299,Medium,Medium Quality Less Expensive
450,Barre,12740.0,3,10,21.595870991256856,215.95870991256857,Medium,Medium Quality Expensive
472,Baton Rouge,12940.0,3,8,21.914447811023592,175.31558248818874,Medium,Medium Quality Expensive
479,Battlefield,47260.0,3,12,21.49883,257.98596000000003,Medium,Medium Quality Expensive
487,Bay City,13060.0,3,4,19.76312054454641,79.05248217818564,Medium,Medium Quality Less Expensive
493,Bayside,45300.0,3,19,23.251614,441.780666,Medium,Medium Quality Expensive
507,Beaches,27260.0,3,52,29.821137,1550.699124,Medium,Medium Quality Expensive
513,Beatrice,13100.0,3,2,21.40147963179696,42.80295926359392,Medium,Medium Quality Expensive
540,Bellaire,26420.0,3,16,26.240592,419.849472,Medium,Medium Quality Expensive
558,Belltown/Denny Regrade,42660.0,3,17,36.643019,622.931323,Medium,Medium Quality Expensive
565,Beltsville/Calverton,47900.0,3,11,24.169113,265.86024299999997,Medium,Medium Quality Expensive
570,Bend-Redmond,13460.0,3,3,29.933823648110593,89.80147094433178,Medium,Medium Quality Expensive
581,Bentonville,22220.0,3,44,19.75079,869.0347599999999,Medium,Medium Quality Less Expensive
592,Berks County,39740.0,3,64,18.847844,1206.262016,Medium,Medium Quality Less Expensive
609,Bethesda/Chevy Chase,47900.0,3,46,36.020084,1656.9238639999999,Medium,Medium Quality Expensive
614,Beverly Hills,31084.0,3,80,69.619803,5569.58424,Medium,Medium Quality Expensive
651,Bloomfield,19820.0,3,21,27.438946,576.2178660000001,Medium,Medium Quality Expensive
664,Bloomingdale/Pooler,42340.0,3,13,21.557907,280.252791,Medium,Medium Quality Expensive
676,Blount County,13820.0,3,1,18.551519,18.551519,Medium,Medium Quality Less Expensive
689,Bluemont Lakes MF,22020.0,3,1,21.75007621849815,21.75007621849815,Medium,Medium Quality Expensive
693,Blytheville,14180.0,3,2,21.220525320388354,42.44105064077671,Medium,Medium Quality Expensive
700,Boca Raton East,48424.0,3,76,34.711667,2638.086692,Medium,Medium Quality Expensive
703,Boca Raton North,48424.0,3,33,35.492279,1171.2452070000002,Medium,Medium Quality Expensive
706,Boca Raton West,48424.0,3,36,36.5837,1317.0132,Medium,Medium Quality Expensive
708,Bogalusa,14220.0,3,1,14.909972400000003,14.909972400000003,Medium,Medium Quality Less Expensive
711,Boise City,14260.0,3,8,29.118868050042934,232.95094440034347,Medium,Medium Quality Expensive
712,Boise County,14260.0,3,1,18.756465,18.756465,Medium,Medium Quality Less Expensive
718,Bonita Springs,15980.0,3,46,22.420025,1031.32115,Medium,Medium Quality Expensive
722,Boone,14380.0,3,8,23.094361564201478,184.75489251361182,Medium,Medium Quality Expensive
743,Bothell/Kenmore,42660.0,3,41,32.42836,1329.5627599999998,Medium,Medium Quality Expensive
747,Boulder,14500.0,3,168,32.248473,5417.743463999999,Medium,Medium Quality Expensive
750,Boulder County,14500.0,3,62,26.29105,1630.0450999999998,Medium,Medium Quality Expensive
755,Bowie,47900.0,3,14,26.195107,366.731498,Medium,Medium Quality Expensive
762,Boynton/Lantana,48424.0,3,26,31.282206,813.337356,Medium,Medium Quality Expensive
766,Bozeman,14580.0,3,29,24.829644395800102,720.0596874782029,Medium,Medium Quality Expensive
797,Brentwood,34980.0,3,48,28.26056,1356.5068800000001,Medium,Medium Quality Expensive
804,Brevard,14820.0,3,2,16.91788535147376,33.83577070294752,Medium,Medium Quality Less Expensive
812,Briarwood MF,33260.0,3,1,23.1345293464565,23.1345293464565,Medium,Medium Quality Expensive
835,Bristol County,39300.0,3,5,22.340364,111.70182,Medium,Medium Quality Expensive
836,Broadway Farms MF,17860.0,3,1,28.73345302771262,28.73345302771262,Medium,Medium Quality Expensive
844,Brookfield,14860.0,3,5,23.156038,115.78018999999999,Medium,Medium Quality Expensive
847,Brookfield/New Berlin,33340.0,3,61,18.649461,1137.617121,Medium,Medium Quality Less Expensive
857,Broomfield County,19740.0,3,22,26.442987,581.745714,Medium,Medium Quality Expensive
859,Brown County,17140.0,3,1,19.441895,19.441895,Medium,Medium Quality Less Expensive
860,Brown County,26900.0,3,1,20.293765,20.293765,Medium,Medium Quality Expensive
875,Brunswick West,35614.0,3,49,28.453459,1394.2194909999998,Medium,Medium Quality Expensive
888,Buffalo-Cheektowaga-Niagara Falls,15380.0,3,10,31.778193604480233,317.7819360448023,Medium,Medium Quality Expensive
921,Burlington/Woburn,14460.0,3,77,25.649652,1975.023204,Medium,Medium Quality Expensive
925,Burnsville/Eagan/Apple Vy,33460.0,3,73,22.708421,1657.714733,Medium,Medium Quality Expensive
937,Butler/Baymeadows,27260.0,3,77,21.61862,1664.63374,Medium,Medium Quality Expensive
942,Butts County,12060.0,3,2,20.084597,40.169194,Medium,Medium Quality Expensive
968,CBD,17460.0,3,35,18.674671,653.613485,Medium,Medium Quality Less Expensive
972,CBD,17820.0,3,15,26.244601,393.669015,Medium,Medium Quality Expensive
993,CBD,19820.0,3,23,22.690744,521.887112,Medium,Medium Quality Expensive
997,CBD,21340.0,3,9,17.000404,153.003636,Medium,Medium Quality Less Expensive
1008,CBD,26900.0,3,42,19.60957,823.60194,Medium,Medium Quality Less Expensive
1037,CBD,38900.0,3,101,28.658323,2894.490623,Medium,Medium Quality Expensive
1042,CBD,40060.0,3,12,17.713721,212.564652,Medium,Medium Quality Less Expensive
1047,CBD,41180.0,3,36,17.594319,633.3954839999999,Medium,Medium Quality Less Expensive
1050,CBD,41620.0,3,13,25.062689,325.814957,Medium,Medium Quality Expensive
1058,CBD,43340.0,3,9,11.932265,107.390385,Medium,Medium Quality Less Expensive
1065,CBD,46140.0,3,17,14.546138,247.28434599999997,Medium,Medium Quality Less Expensive
1078,CBD Baltimore,12580.0,3,31,20.586474,638.180694,Medium,Medium Quality Expensive
1103,Caddo Parish,43340.0,3,5,14.091071,70.455355,Medium,Medium Quality Less Expensive
1108,Calabasas/Westlake Vill,31084.0,3,71,33.952966,2410.6605860000004,Medium,Medium Quality Expensive
1124,California Rural North Area HOS,46020.0,3,3,26.135138324868482,78.40541497460545,Medium,Medium Quality Expensive
1127,California-Lexington Park,15680.0,3,3,24.672156995643224,74.01647098692968,Medium,Medium Quality Expensive
1129,Calumet County,11540.0,3,1,21.469832,21.469832,Medium,Medium Quality Expensive
1152,Camelback Corridor,38060.0,3,45,27.670933,1245.1919850000002,Medium,Medium Quality Expensive
1159,Campbell Station/Farragut,28940.0,3,8,22.656747,181.253976,Medium,Medium Quality Expensive
1160,Campbellsville,15820.0,3,1,21.807812969863434,21.807812969863434,Medium,Medium Quality Expensive
1170,Canton-Massillon,15940.0,3,3,23.501463798759243,70.50439139627773,Medium,Medium Quality Expensive
1176,Cape Coral-Fort Myers,15980.0,3,11,24.488631847092545,269.374950318018,Medium,Medium Quality Expensive
1205,Carlsbad,41740.0,3,90,31.805538,2862.49842,Medium,Medium Quality Expensive
1217,Carmel,26900.0,3,50,22.122037,1106.10185,Medium,Medium Quality Expensive
1240,Cary,39580.0,3,135,25.85095,3489.87825,Medium,Medium Quality Expensive
1243,Cascade Park,38900.0,3,18,33.68541,606.3373799999999,Medium,Medium Quality Expensive
1253,Casselberry,36740.0,3,33,23.065947,761.1762510000001,Medium,Medium Quality Expensive
1257,Castleton,26900.0,3,30,19.223529,576.70587,Medium,Medium Quality Less Expensive
1280,Cedar City,16260.0,3,3,19.397650740216932,58.192952220650795,Medium,Medium Quality Less Expensive
1285,Cedar Park,12420.0,3,40,31.404236,1256.1694400000001,Medium,Medium Quality Expensive
1296,Celina,16380.0,3,1,22.03259274475324,22.03259274475324,Medium,Medium Quality Expensive
1298,Centennial,19740.0,3,23,23.266401,535.127223,Medium,Medium Quality Expensive
1300,Centennial MF,15540.0,3,1,21.098340956639504,21.098340956639504,Medium,Medium Quality Expensive
1308,Central,14740.0,3,1,26.291991,26.291991,Medium,Medium Quality Expensive
1331,Central Dodge,36540.0,3,13,24.636824,320.278712,Medium,Medium Quality Expensive
1339,Central Expressway,19100.0,3,43,27.272113,1172.700859,Medium,Medium Quality Expensive
1355,Central I-96 Corridor,19820.0,3,62,24.679376,1530.121312,Medium,Medium Quality Expensive
1378,Central Norfolk,47260.0,3,14,21.380667,299.329338,Medium,Medium Quality Expensive
1382,Central North,16980.0,3,195,22.913596,4468.15122,Medium,Medium Quality Expensive
1386,Central North Las Vegas,29820.0,3,15,22.564767,338.471505,Medium,Medium Quality Expensive
1413,Central Scottsdale,38060.0,3,130,25.903164,3367.41132,Medium,Medium Quality Expensive
1424,Central Valley,41620.0,3,16,20.649401,330.390416,Medium,Medium Quality Expensive
1428,Central Valley East,41620.0,3,60,21.127699,1267.66194,Medium,Medium Quality Expensive
1434,Central Waukesha,33340.0,3,43,19.526427,839.6363610000001,Medium,Medium Quality Less Expensive
1454,Chambersburg-Waynesboro,16540.0,3,1,20.804346115199998,20.804346115199998,Medium,Medium Quality Expensive
1468,Chandler,38060.0,3,112,25.846692,2894.8295040000003,Medium,Medium Quality Expensive
1476,Charleston,16620.0,3,5,28.394199642935394,141.97099821467697,Medium,Medium Quality Expensive
1484,Charlestown/East Boston,14460.0,3,15,42.207428,633.11142,Medium,Medium Quality Expensive
1491,Charlotte-Concord-Gastonia,16740.0,3,77,27.547799349191703,2121.180549887761,Medium,Medium Quality Expensive
1501,Chattanooga,16860.0,3,10,18.11146515753976,181.1146515753976,Medium,Medium Quality Less Expensive
1507,Chelsea,35614.0,3,243,56.011247,13610.733021,Medium,Medium Quality Expensive
1521,Cherry Creek,19740.0,3,36,34.848383,1254.541788,Medium,Medium Quality Expensive
1529,Chesterfield/Hwy-40,41180.0,3,43,22.965052,987.497236,Medium,Medium Quality Expensive
1537,Chicago-Naperville-Elgin,16980.0,3,138,28.792036878218674,3973.301089194177,Medium,Medium Quality Expensive
1542,Chico,17020.0,3,60,20.02633805494014,1201.5802832964084,Medium,Medium Quality Expensive
1551,Chino/Chino Hills,40140.0,3,26,28.446355,739.60523,Medium,Medium Quality Expensive
1557,Christian County,17300.0,3,2,21.114066,42.228132,Medium,Medium Quality Expensive
1572,Cincinnati CBD,17140.0,3,27,18.75085,506.27295,Medium,Medium Quality Less Expensive
1577,Cincinnati Intl Airport,17140.0,3,65,18.703038,1215.69747,Medium,Medium Quality Less Expensive
1583,City Hall,35614.0,3,54,53.485916,2888.239464,Medium,Medium Quality Expensive
1610,Clark County Outlying,38900.0,3,3,24.480426,73.44127800000001,Medium,Medium Quality Expensive
1625,Claydesta Plaza MF,33260.0,3,2,29.17708881858193,58.35417763716386,Medium,Medium Quality Expensive
1656,Clovis,23420.0,3,20,23.991326,479.82652,Medium,Medium Quality Expensive
1659,Coachella Valley,40140.0,3,131,25.405484,3328.1184040000003,Medium,Medium Quality Expensive
1663,Coal Creek/Issaquah,42660.0,3,26,37.039621,963.030146,Medium,Medium Quality Expensive
1672,Coconut Grove,33124.0,3,21,46.274683,971.7683430000001,Medium,Medium Quality Expensive
1681,Coldwater,17740.0,3,2,21.11774925974579,42.23549851949158,Medium,Medium Quality Expensive
1683,Coliseum Central,47260.0,3,11,18.868223,207.550453,Medium,Medium Quality Less Expensive
1690,College Blvd,28140.0,3,112,22.269528,2494.187136,Medium,Medium Quality Expensive
1712,Colorado Northwest Area HOS,24060.0,3,1,21.065861725056,21.065861725056,Medium,Medium Quality Expensive
1716,Colorado Southwest Area HOS,20420.0,3,1,17.291448000000003,17.291448000000003,Medium,Medium Quality Less Expensive
1719,Colorado Springs,17820.0,3,14,18.108544107115993,253.5196174996239,Medium,Medium Quality Less Expensive
1722,Columbia,17860.0,3,9,29.991038869104827,269.91934982194346,Medium,Medium Quality Expensive
1733,Columbia County,31540.0,3,2,19.490021,38.980042,Medium,Medium Quality Less Expensive
1738,Columbia North,12580.0,3,28,25.381207,710.673796,Medium,Medium Quality Expensive
1741,Columbia South,12580.0,3,86,24.168993,2078.533398,Medium,Medium Quality Expensive
1748,Columbus,18060.0,3,1,25.640382035752136,25.640382035752136,Medium,Medium Quality Expensive
1756,Columbus Circle,35614.0,3,31,56.612166,1754.9771460000002,Medium,Medium Quality Expensive
1798,Cool Springs,34980.0,3,84,29.909495,2512.39758,Medium,Medium Quality Expensive
1804,Copperas/SW Coryell Cnty,28660.0,3,2,23.41289,46.82578,Medium,Medium Quality Expensive
1820,Corona/Eastvale,40140.0,3,67,26.651306,1785.637502,Medium,Medium Quality Expensive
1842,Cotswold,16740.0,3,9,27.865606,250.790454,Medium,Medium Quality Expensive
1847,Cottonwood,41620.0,3,29,29.88754,866.73866,Medium,Medium Quality Expensive
1921,Cummings Research Park,26620.0,3,28,18.117865,507.30021999999997,Medium,Medium Quality Less Expensive
1924,Cupertino,41940.0,3,40,61.295209,2451.80836,Medium,Medium Quality Expensive
1930,Cypress,11244.0,3,10,26.004983,260.04983,Medium,Medium Quality Expensive
1934,Cypress Creek,22744.0,3,57,24.267136,1383.226752,Medium,Medium Quality Expensive
1937,DFW Freeport/Coppell,19100.0,3,70,23.527288,1646.91016,Medium,Medium Quality Expensive
1941,Dakota County Outlying,33460.0,3,17,24.257889,412.38411299999996,Medium,Medium Quality Expensive
1943,Dallas CBD,19100.0,3,28,21.842449,611.588572,Medium,Medium Quality Expensive
1948,Dallas-Fort Worth-Arlington,19100.0,3,114,31.359944408349644,3575.0336625518594,Medium,Medium Quality Expensive
1956,Danbury,14860.0,3,37,22.020852,814.771524,Medium,Medium Quality Expensive
1960,Daniel Island,16700.0,3,16,30.326156,485.218496,Medium,Medium Quality Expensive
1977,Daphne-Fairhope-Foley,19300.0,3,5,19.233859367271755,96.16929683635877,Medium,Medium Quality Less Expensive
1980,Darien,14860.0,3,18,33.015737,594.283266,Medium,Medium Quality Expensive
1989,Davis/Weber Counties,36260.0,3,109,19.796752,2157.845968,Medium,Medium Quality Less Expensive
1996,Dawson County,12060.0,3,8,20.248751,161.990008,Medium,Medium Quality Expensive
2035,Deer Valley/Airport,38060.0,3,69,24.839552,1713.929088,Medium,Medium Quality Expensive
2080,Deschutes County,13460.0,3,97,26.563807,2576.689279,Medium,Medium Quality Expensive
2097,Dickinson,19860.0,3,1,18.4771169712,18.4771169712,Medium,Medium Quality Less Expensive
2152,Downtown,30780.0,3,30,17.162461,514.87383,Medium,Medium Quality Less Expensive
2173,Downtown,40900.0,3,43,29.880307,1284.853201,Medium,Medium Quality Expensive
2178,Downtown,41740.0,3,44,31.323305,1378.22542,Medium,Medium Quality Expensive
2210,Downtown Asheville,11700.0,3,8,23.468889,187.751112,Medium,Medium Quality Expensive
2219,Downtown Atlanta,12060.0,3,38,29.176943,1108.7238340000001,Medium,Medium Quality Expensive
2259,Downtown Brooklyn,35614.0,3,35,42.551927,1489.317445,Medium,Medium Quality Expensive
2277,Downtown CBD,20260.0,3,13,18.49737,240.46581,Medium,Medium Quality Less Expensive
2292,Downtown Charleston,16620.0,3,17,17.373022,295.341374,Medium,Medium Quality Less Expensive
2313,Downtown Columbia,12580.0,3,14,28.000442,392.006188,Medium,Medium Quality Expensive
2339,Downtown East,33340.0,3,18,20.824105,374.83389,Medium,Medium Quality Expensive
2349,Downtown Erie,21500.0,3,7,11.423556,79.96489199999999,Medium,Medium Quality Less Expensive
2378,Downtown Fort Wayne,23060.0,3,8,16.408198,131.265584,Medium,Medium Quality Less Expensive
2412,Downtown Ithaca MF,27060.0,3,3,24.73705833970584,74.21117501911752,Medium,Medium Quality Expensive
2435,Downtown La Crosse MF,29100.0,3,6,20.076718260137273,120.46030956082365,Medium,Medium Quality Expensive
2464,Downtown Los Angeles,31084.0,3,79,35.052725,2769.1652750000003,Medium,Medium Quality Expensive
2482,Downtown McAllen,32580.0,3,4,23.811274,95.245096,Medium,Medium Quality Expensive
2490,Downtown Miami,33124.0,3,21,32.126946,674.6658659999999,Medium,Medium Quality Expensive
2494,Downtown Midland MF,33260.0,3,11,22.328120924261388,245.60933016687525,Medium,Medium Quality Expensive
2562,Downtown Portsmouth,47260.0,3,6,19.092702,114.55621199999999,Medium,Medium Quality Less Expensive
2580,Downtown Rochester MF,40340.0,3,6,25.494569019170992,152.96741411502595,Medium,Medium Quality Expensive
2589,Downtown Saint George MF,41100.0,3,10,18.84630296322883,188.46302963228828,Medium,Medium Quality Less Expensive
2612,Downtown Sioux Falls MF,43620.0,3,10,20.359477901855414,203.59477901855414,Medium,Medium Quality Expensive
2615,Downtown South Bend,43780.0,3,11,17.724476,194.969236,Medium,Medium Quality Less Expensive
2637,Downtown Tampa,45300.0,3,25,26.154353,653.858825,Medium,Medium Quality Expensive
2661,Downtown Warren,49660.0,3,3,15.3138,45.9414,Medium,Medium Quality Less Expensive
2663,Downtown Waterloo MF,47940.0,3,3,17.886540600199943,53.65962180059983,Medium,Medium Quality Less Expensive
2667,Downtown West,33340.0,3,18,20.057309,361.031562,Medium,Medium Quality Expensive
2678,Downtown Youngstown,49660.0,3,5,11.643766,58.21883,Medium,Medium Quality Less Expensive
2685,Downtown-5,11260.0,3,14,26.383937,369.375118,Medium,Medium Quality Expensive
2690,Draper,41620.0,3,33,25.07281,827.40273,Medium,Medium Quality Expensive
2704,Dubuque,20220.0,3,9,16.303033585701332,146.727302271312,Medium,Medium Quality Less Expensive
2710,Duluth/Suwanee/Buford,12060.0,3,171,22.092564,3777.8284439999998,Medium,Medium Quality Expensive
2730,Durham-Chapel Hill,20500.0,3,23,25.9165410204049,596.0804434693127,Medium,Medium Quality Expensive
2745,E Fort Bend Co/Sugar Land,26420.0,3,62,27.556162,1708.482044,Medium,Medium Quality Expensive
2749,E King County,42660.0,3,20,33.126732,662.53464,Medium,Medium Quality Expensive
2761,E Outlying Jefferson Cnty,31140.0,3,2,24.08336,48.16672,Medium,Medium Quality Expensive
2767,E Seminole Outlying,36740.0,3,13,31.371422,407.828486,Medium,Medium Quality Expensive
2772,Eagle,14260.0,3,32,20.768082,664.578624,Medium,Medium Quality Expensive
2775,Eagle Pass,20580.0,3,5,29.62992043125311,148.14960215626556,Medium,Medium Quality Expensive
2807,East,32820.0,3,63,21.382293,1347.0844590000002,Medium,Medium Quality Expensive
2811,East,43340.0,3,6,14.258754,85.552524,Medium,Medium Quality Less Expensive
2817,East Asheville,11700.0,3,1,22.258267,22.258267,Medium,Medium Quality Expensive
2819,East Bismarck MF,13900.0,3,1,20.710802587716522,20.710802587716522,Medium,Medium Quality Expensive
2821,East Bremerton,14740.0,3,8,21.247446,169.979568,Medium,Medium Quality Expensive
2824,East Central,20260.0,3,2,27.074927,54.149854,Medium,Medium Quality Expensive
2843,East Dayton,19380.0,3,40,21.89389,875.7556,Medium,Medium Quality Expensive
2845,East Downtown,47300.0,3,1,25.618137,25.618137,Medium,Medium Quality Expensive
2855,East End,40060.0,3,6,20.636489,123.81893400000001,Medium,Medium Quality Expensive
2889,East I-70/Montbello,19740.0,3,11,24.987066,274.85772599999996,Medium,Medium Quality Expensive
2901,East LBJ Freeway,19100.0,3,49,21.170043,1037.332107,Medium,Medium Quality Expensive
2905,East Lansing,29620.0,3,59,17.933247,1058.0615730000002,Medium,Medium Quality Less Expensive
2912,East Loop,16980.0,3,30,32.032625,960.9787500000001,Medium,Medium Quality Expensive
2916,East Mankato MF,31860.0,3,5,19.79059229803753,98.95296149018765,Medium,Medium Quality Less Expensive
2942,East Peoria,37900.0,3,4,19.979831,79.919324,Medium,Medium Quality Less Expensive
2964,East Tampa,45300.0,3,100,23.728874,2372.8874,Medium,Medium Quality Expensive
2972,East Visalia,47300.0,3,4,21.432721,85.730884,Medium,Medium Quality Expensive
2979,Eastern East/West Corr,16980.0,3,254,19.250051,4889.512954,Medium,Medium Quality Less Expensive
2992,Eastern Nassau,35004.0,3,76,31.115665,2364.79054,Medium,Medium Quality Expensive
3015,Easton,20660.0,3,14,20.977474142095673,293.6846379893394,Medium,Medium Quality Expensive
3035,Edinburg,32580.0,3,11,18.336242,201.69866199999998,Medium,Medium Quality Less Expensive
3038,Edmond,36420.0,3,70,19.490639,1364.34473,Medium,Medium Quality Less Expensive
3045,Edwards,20780.0,3,12,25.073419391486624,300.8810326978395,Medium,Medium Quality Expensive
3051,Eisenhower Ave Corridor,47900.0,3,7,28.098815,196.69170499999998,Medium,Medium Quality Expensive
3064,El Dorado,40900.0,3,41,27.154162,1113.320642,Medium,Medium Quality Expensive
3070,El Segundo,31084.0,3,44,43.600087,1918.403828,Medium,Medium Quality Expensive
3082,Elk Grove,40900.0,3,31,29.553297,916.152207,Medium,Medium Quality Expensive
3111,Emporia,21380.0,3,1,18.28797565605141,18.28797565605141,Medium,Medium Quality Less Expensive
3113,Encino,31084.0,3,28,37.257793,1043.218204,Medium,Medium Quality Expensive
3128,Epps Bridge MF,12020.0,3,3,25.563699506721115,76.69109852016334,Medium,Medium Quality Expensive
3135,Escanaba,21540.0,3,2,14.11497515568855,28.2299503113771,Medium,Medium Quality Less Expensive
3150,Estero,15980.0,3,14,22.724388,318.141432,Medium,Medium Quality Expensive
3170,Evansville,21780.0,3,5,20.047041283353728,100.23520641676865,Medium,Medium Quality Expensive
3177,Exton/Whitelands,37980.0,3,89,23.226654,2067.172206,Medium,Medium Quality Expensive
3184,FM 1960/Hwy 249,26420.0,3,52,24.184647,1257.6016439999999,Medium,Medium Quality Expensive
3187,FM 1960/I-45 North,26420.0,3,13,22.35108,290.56404,Medium,Medium Quality Expensive
3193,Fairfax Center,47900.0,3,33,26.455435,873.029355,Medium,Medium Quality Expensive
3221,Fairlawn/Montrose,10420.0,3,38,18.940506,719.7392279999999,Medium,Medium Quality Less Expensive
3234,Far North,16980.0,3,45,18.579908,836.09586,Medium,Medium Quality Less Expensive
3237,Far North Central,41700.0,3,52,28.415311,1477.596172,Medium,Medium Quality Expensive
3258,Far Northwest,41700.0,3,7,34.538214,241.76749800000002,Medium,Medium Quality Expensive
3263,Far South,16980.0,3,36,22.612824,814.061664,Medium,Medium Quality Expensive
3266,Far South,30700.0,3,26,21.843055,567.91943,Medium,Medium Quality Expensive
3271,Far West,41700.0,3,7,26.925545,188.478815,Medium,Medium Quality Expensive
3278,Fargo,22020.0,3,19,20.27481713274397,385.22152552213544,Medium,Medium Quality Expensive
3285,Farmington,22100.0,3,1,19.287639156523106,19.287639156523106,Medium,Medium Quality Less Expensive
3293,Farmington/Farm Hills,19820.0,3,79,21.112379,1667.877941,Medium,Medium Quality Expensive
3302,Fayette County,32820.0,3,3,18.998468,56.99540399999999,Medium,Medium Quality Less Expensive
3313,Fayetteville-Springdale-Rogers,22220.0,3,18,20.8927048948586,376.0686881074548,Medium,Medium Quality Expensive
3327,Financial District,14460.0,3,104,44.942752,4674.046208,Medium,Medium Quality Expensive
3340,Fishers/Geist,26900.0,3,48,21.993616,1055.693568,Medium,Medium Quality Expensive
3344,Fishkill,20524.0,3,43,29.09106,1250.9155799999999,Medium,Medium Quality Expensive
3349,Five Corners MF,31860.0,3,1,18.12955426600046,18.12955426600046,Medium,Medium Quality Less Expensive
3351,Five Points MF,12020.0,3,1,24.51666405321672,24.51666405321672,Medium,Medium Quality Expensive
3370,Folsom,40900.0,3,73,29.006213,2117.453549,Medium,Medium Quality Expensive
3376,Foothill Corridor,41620.0,3,8,23.851907,190.815256,Medium,Medium Quality Expensive
3378,Foothills,46060.0,3,27,27.112454,732.036258,Medium,Medium Quality Expensive
3409,Fort Madison-Keokuk,22800.0,3,1,15.639698408532736,15.639698408532736,Medium,Medium Quality Less Expensive
3418,Fort Smith,22900.0,3,2,15.000155135455707,30.000310270911413,Medium,Medium Quality Less Expensive
3419,Fort Walton Beach HOS,18880.0,3,1,23.52440773142473,23.52440773142473,Medium,Medium Quality Expensive
3426,Foster City/Redwood Shrs,41884.0,3,29,55.637774,1613.495446,Medium,Medium Quality Expensive
3484,Frisco/The Colony,19100.0,3,47,30.555312,1436.099664,Medium,Medium Quality Expensive
3487,Ft Rich/Birchwood-90,11260.0,3,2,24.242658,48.485316,Medium,Medium Quality Expensive
3494,Ft Worth CBD,19100.0,3,22,23.738474,522.246428,Medium,Medium Quality Expensive
3503,Fulton Market/Near West Side,16980.0,3,47,28.482308,1338.668476,Medium,Medium Quality Expensive
3515,Gadsden County,45220.0,3,2,19.251228,38.502456,Medium,Medium Quality Less Expensive
3531,Gaithersburg,47900.0,3,50,24.942038,1247.1019000000001,Medium,Medium Quality Expensive
3542,Gallup,23700.0,3,2,26.69283123707472,53.38566247414944,Medium,Medium Quality Expensive
3564,Gateway Airport/Loop 202,38060.0,3,76,26.409296,2007.106496,Medium,Medium Quality Expensive
3582,Georgetown,47900.0,3,26,41.312667,1074.129342,Medium,Medium Quality Expensive
3589,Germantown,47900.0,3,23,25.233805,580.377515,Medium,Medium Quality Expensive
3609,Glendale,19740.0,3,23,26.323839,605.448297,Medium,Medium Quality Expensive
3617,Glendale,38060.0,3,36,24.254367,873.157212,Medium,Medium Quality Expensive
3623,Glenside/Broad St,40060.0,3,36,20.316584,731.397024,Medium,Medium Quality Expensive
3627,Glenwood Springs,24060.0,3,16,37.18855986496903,595.0169578395045,Medium,Medium Quality Expensive
3630,Glenwood/Creedmoor,39580.0,3,39,23.609895,920.7859050000001,Medium,Medium Quality Expensive
3640,Goddard/West,48620.0,3,11,18.140839,199.549229,Medium,Medium Quality Less Expensive
3642,Gold Coast/Old Town,16980.0,3,6,28.813603,172.881618,Medium,Medium Quality Expensive
3644,Golden Gate,34940.0,3,3,26.973569,80.92070700000001,Medium,Medium Quality Expensive
3654,Governor Park,41740.0,3,15,36.721129,550.816935,Medium,Medium Quality Expensive
3660,Gramercy Park,35614.0,3,122,62.02989,7567.6465800000005,Medium,Medium Quality Expensive
3675,Grand Junction,24300.0,3,20,20.558951401441295,411.1790280288259,Medium,Medium Quality Expensive
3679,Grand Prairie,19100.0,3,23,24.11113,554.55599,Medium,Medium Quality Expensive
3697,Grants Pass,24420.0,3,2,17.3297388816,34.6594777632,Medium,Medium Quality Less Expensive
3756,Greater Killeen,28660.0,3,13,28.094561,365.229293,Medium,Medium Quality Expensive
3770,Greater Myrtle Beach,34820.0,3,27,23.344226,630.294102,Medium,Medium Quality Expensive
3795,Greater South Bend,43780.0,3,10,16.793521,167.93520999999998,Medium,Medium Quality Less Expensive
3811,Greeley,24540.0,3,1,23.906357827503985,23.906357827503985,Medium,Medium Quality Expensive
3824,Greenbelt,47900.0,3,24,22.445369,538.688856,Medium,Medium Quality Expensive
3827,Greenbrier,47260.0,3,39,21.137525,824.363475,Medium,Medium Quality Expensive
3843,Greenspoint/IAH,26420.0,3,9,19.276875,173.491875,Medium,Medium Quality Less Expensive
3846,Greenspoint/N Belt West,26420.0,3,40,18.262798,730.51192,Medium,Medium Quality Less Expensive
3849,Greenup County,26580.0,3,1,16.317797,16.317797,Medium,Medium Quality Less Expensive
3852,Greenville,24780.0,3,7,17.00591567128226,119.04140969897583,Medium,Medium Quality Less Expensive
3855,Greenville,24820.0,3,2,17.888706849023997,35.777413698047994,Medium,Medium Quality Less Expensive
3861,Greenville-Anderson-Mauldin,24860.0,3,11,18.34784164062866,201.82625804691526,Medium,Medium Quality Less Expensive
3873,Greenwich Village,35614.0,3,41,62.664434,2569.241794,Medium,Medium Quality Expensive
3883,Greenwood Village,19740.0,3,42,24.597096,1033.0780320000001,Medium,Medium Quality Expensive
3906,Gulf Breeze,37860.0,3,8,24.58008,196.64064,Medium,Medium Quality Expensive
3945,Hampton Roads Center,47260.0,3,11,19.106424,210.17066400000002,Medium,Medium Quality Less Expensive
3960,Harbourview/N Suffolk,47260.0,3,15,23.228844,348.43266,Medium,Medium Quality Expensive
3965,Harlem/North Manhattan,35614.0,3,28,44.134782,1235.7738960000001,Medium,Medium Quality Expensive
3991,Hartford-West Hartford-East Hartford,25540.0,3,15,25.972446726511603,389.58670089767406,Medium,Medium Quality Expensive
4045,Henderson County,21780.0,3,2,19.077576,38.155152,Medium,Medium Quality Less Expensive
4083,Highlands Ranch,19740.0,3,21,27.898949,585.877929,Medium,Medium Quality Expensive
4086,Highway 50 Corridor,40900.0,3,96,24.56695,2358.4272,Medium,Medium Quality Expensive
4104,Hilo/East Big Island,25900.0,3,9,28.783191,259.048719,Medium,Medium Quality Expensive
4114,Holland North,24340.0,3,2,21.542984,43.085968,Medium,Medium Quality Expensive
4140,Hoover,13820.0,3,17,18.725488,318.33329599999996,Medium,Medium Quality Less Expensive
4150,Horsham/Willow Grove,37980.0,3,69,24.280691,1675.367679,Medium,Medium Quality Expensive
4159,Houghton,26340.0,3,1,21.606777408482955,21.606777408482955,Medium,Medium Quality Expensive
4165,Houston-The Woodlands-Sugar Land,26420.0,3,97,24.053685049004702,2333.2074497534563,Medium,Medium Quality Expensive
4175,Hudson Square,35614.0,3,31,63.212214,1959.5786340000002,Medium,Medium Quality Expensive
4247,I-270/Olive Blvd,41180.0,3,30,21.943609,658.30827,Medium,Medium Quality Expensive
4272,I-394 Corridor,33460.0,3,125,26.78568,3348.21,Medium,Medium Quality Expensive
4275,I-395 Corridor,47900.0,3,35,29.168189,1020.886615,Medium,Medium Quality Expensive
4279,I-494 Corridor,33460.0,3,126,24.414006,3076.164756,Medium,Medium Quality Expensive
4282,I-5 Corridor Outlying,38900.0,3,1,27.469904,27.469904,Medium,Medium Quality Expensive
4302,I-97/Crain Hwy Corridor,12580.0,3,22,25.112088,552.465936,Medium,Medium Quality Expensive
4306,Idaho Falls,26820.0,3,24,21.100013510392003,506.4003242494081,Medium,Medium Quality Expensive
4335,Innsbrook,40060.0,3,68,21.505603,1462.381004,Medium,Medium Quality Expensive
4338,Insurance District,35614.0,3,24,48.282804,1158.787296,Medium,Medium Quality Expensive
4344,Inverness,19740.0,3,45,23.545608,1059.5523600000001,Medium,Medium Quality Expensive
4351,Iowa City,26980.0,3,16,22.27226622052746,356.35625952843935,Medium,Medium Quality Expensive
4355,Iredell County,16740.0,3,64,25.11795,1607.5488,Medium,Medium Quality Expensive
4362,Irvine Spectrum,11244.0,3,194,31.857388,6180.333272,Medium,Medium Quality Expensive
4366,Irvine/Tustin Legacy,11244.0,3,185,33.606849,6217.267064999999,Medium,Medium Quality Expensive
4376,Ithaca MF,27060.0,3,1,22.181120242307596,22.181120242307596,Medium,Medium Quality Expensive
4400,Jacksonville,27260.0,3,19,22.7930565203154,433.0680738859926,Medium,Medium Quality Expensive
4413,Jamestown,27420.0,3,2,17.90065906493472,35.80131812986944,Medium,Medium Quality Less Expensive
4430,Jefferson County,45220.0,3,1,18.136541,18.136541,Medium,Medium Quality Less Expensive
4440,Jefferson Park Avenue MF,16820.0,3,1,24.970122364031997,24.970122364031997,Medium,Medium Quality Expensive
4444,Jennings Mill MF,12020.0,3,2,25.345346410983964,50.69069282196793,Medium,Medium Quality Expensive
4495,Jupiter,48424.0,3,57,33.328826,1899.743082,Medium,Medium Quality Expensive
4502,Kalamazoo-Portage,28020.0,3,4,21.43394447664297,85.73577790657188,Medium,Medium Quality Expensive
4507,Kalispell,28060.0,3,15,20.138766736194714,302.0815010429207,Medium,Medium Quality Expensive
4524,Katy Freeway East,26420.0,3,47,24.360615,1144.948905,Medium,Medium Quality Expensive
4528,Katy Freeway West,26420.0,3,66,23.268111,1535.695326,Medium,Medium Quality Expensive
4532,Katy/Grand Parkway West,26420.0,3,60,27.819366,1669.16196,Medium,Medium Quality Expensive
4549,Kendall,33124.0,3,106,36.695904,3889.765824,Medium,Medium Quality Expensive
4567,Kennewick-Richland,28420.0,3,58,24.855780395802842,1441.635262956565,Medium,Medium Quality Expensive
4601,Ketchikan,28540.0,3,1,32.72723728688429,32.72723728688429,Medium,Medium Quality Expensive
4607,Keystone Crossing,26900.0,3,38,20.739825,788.11335,Medium,Medium Quality Expensive
4613,Killeen-Temple,28660.0,3,1,21.305095795670976,21.305095795670976,Medium,Medium Quality Expensive
4615,King William County,40060.0,3,1,16.72801,16.72801,Medium,Medium Quality Less Expensive
4617,King of Prussia/Wayne,37980.0,3,91,26.289502,2392.344682,Medium,Medium Quality Expensive
4635,Kirkland,42660.0,3,42,38.688787,1624.929054,Medium,Medium Quality Expensive
4662,Kruse Way,38900.0,3,18,32.758144,589.646592,Medium,Medium Quality Expensive
4671,La Crosse-Onalaska,29100.0,3,11,19.330778289780465,212.6385611875851,Medium,Medium Quality Less Expensive
4678,LaGrange,29300.0,3,1,10.99292183940361,10.99292183940361,Medium,Medium Quality Less Expensive
4689,Lafayette County,28140.0,3,1,18.928806,18.928806,Medium,Medium Quality Less Expensive
4692,Lafayette-West Lafayette,29200.0,3,24,21.160843195845445,507.86023670029067,Medium,Medium Quality Expensive
4695,Laguna Hills/Aliso Viejo,11244.0,3,56,31.931786,1788.180016,Medium,Medium Quality Expensive
4710,Lake Forest/Foothill Ranch/RSM,11244.0,3,64,29.724866,1902.391424,Medium,Medium Quality Expensive
4714,Lake Havasu City-Kingman,29420.0,3,20,18.099121329153594,361.98242658307186,Medium,Medium Quality Less Expensive
4716,Lake Mary,36740.0,3,58,21.723412,1259.957896,Medium,Medium Quality Expensive
4756,Landfall,48900.0,3,23,24.944255,573.717865,Medium,Medium Quality Expensive
4760,Landover/Largo/Captl Hts,47900.0,3,30,22.511869,675.35607,Medium,Medium Quality Expensive
4771,Lansing-East Lansing,29620.0,3,15,22.163256706477746,332.4488505971662,Medium,Medium Quality Expensive
4774,Laramie,29660.0,3,2,19.275268090182536,38.55053618036507,Medium,Medium Quality Less Expensive
4777,Laredo,29700.0,3,13,25.554462277788634,332.20800961125224,Medium,Medium Quality Expensive
4780,Las Cruces,29740.0,3,40,21.358188315640998,854.32753262564,Medium,Medium Quality Expensive
4784,Las Vegas-Henderson-Paradise,29820.0,3,44,22.97893383111553,1011.0730885690833,Medium,Medium Quality Expensive
4787,Laurel,29860.0,3,2,16.755966978759,33.511933957518,Medium,Medium Quality Less Expensive
4824,Leavenworth County,28140.0,3,7,19.149398,134.04578600000002,Medium,Medium Quality Less Expensive
4825,Lebanon,30060.0,3,1,21.12378704749305,21.12378704749305,Medium,Medium Quality Expensive
4839,Leeward,46520.0,3,7,40.397067,282.779469,Medium,Medium Quality Expensive
4850,Lely,34940.0,3,4,26.914111,107.656444,Medium,Medium Quality Expensive
4859,Lewisburg,30280.0,3,3,14.800835209421818,44.40250562826545,Medium,Medium Quality Less Expensive
4870,Lewisville,19100.0,3,106,24.596557,2607.2350420000002,Medium,Medium Quality Expensive
4878,Lexington-Fayette,30460.0,3,4,17.289742530077177,69.15897012030871,Medium,Medium Quality Less Expensive
4904,Lincoln,39300.0,3,21,19.715421,414.023841,Medium,Medium Quality Less Expensive
4912,Lincoln Park,16980.0,3,16,30.286975,484.5916,Medium,Medium Quality Expensive
4968,Lone Tree,19740.0,3,20,31.863357,637.26714,Medium,Medium Quality Expensive
4972,Long Beach: Downtown,31084.0,3,28,30.743829,860.827212,Medium,Medium Quality Expensive
4998,Loop 303/Surprise,38060.0,3,38,24.754938,940.687644,Medium,Medium Quality Expensive
5006,Los Alamos,31060.0,3,4,20.42743111934959,81.70972447739835,Medium,Medium Quality Expensive
5034,Lowell/Chelmsford,14460.0,3,115,20.107087,2312.315005,Medium,Medium Quality Expensive
5060,Lyndhurst/Landerhaven,17460.0,3,7,22.666119,158.66283299999998,Medium,Medium Quality Expensive
5064,Lynnfield/Wakefield,14460.0,3,20,24.363212,487.26424000000003,Medium,Medium Quality Expensive
5067,Lynnhaven,47260.0,3,24,20.355505,488.53212,Medium,Medium Quality Expensive
5097,Madison County,19780.0,3,1,22.027767,22.027767,Medium,Medium Quality Expensive
5112,Main Line,37980.0,3,25,29.930164,748.2541,Medium,Medium Quality Expensive
5123,Maitland Center,36740.0,3,36,22.575322,812.711592,Medium,Medium Quality Expensive
5140,Manatee Outlying,35840.0,3,17,27.670103,470.391751,Medium,Medium Quality Expensive
5150,Manchester/I-270,41180.0,3,17,23.126645,393.152965,Medium,Medium Quality Expensive
5153,Mandarin,27260.0,3,49,21.523139,1054.633811,Medium,Medium Quality Expensive
5167,Marco Island,34940.0,3,9,26.66385,239.97465,Medium,Medium Quality Expensive
5187,Marion County,16860.0,3,1,19.141815,19.141815,Medium,Medium Quality Less Expensive
5196,Market Street East,37980.0,3,19,28.202076,535.8394440000001,Medium,Medium Quality Expensive
5204,Marlborough,14460.0,3,35,21.778178,762.23623,Medium,Medium Quality Expensive
5208,Marlborough Outlying,25540.0,3,2,17.082782,34.165564,Medium,Medium Quality Less Expensive
5214,Marshall,32220.0,3,2,27.44109195690872,54.88218391381744,Medium,Medium Quality Expensive
5218,Marshalltown,32260.0,3,1,19.137292013294175,19.137292013294175,Medium,Medium Quality Less Expensive
5220,Martha Jefferson MF,16820.0,3,5,24.496271295689837,122.48135647844919,Medium,Medium Quality Expensive
5237,Mason/Montgomery,17140.0,3,40,20.752314,830.0925599999999,Medium,Medium Quality Expensive
5240,Mason/SE Ingham County,29620.0,3,3,16.495231,49.485693,Medium,Medium Quality Less Expensive
5243,Mat-Su Business Region,11260.0,3,10,25.934679,259.34679,Medium,Medium Quality Expensive
5244,Mathews County,47260.0,3,1,18.127166,18.127166,Medium,Medium Quality Less Expensive
5247,Matthews,16740.0,3,50,23.989929,1199.49645,Medium,Medium Quality Expensive
5274,McMinnville,32660.0,3,2,18.43651340031319,36.87302680062638,Medium,Medium Quality Less Expensive
5276,Meadow Park MF,40340.0,3,1,24.598801440000003,24.598801440000003,Medium,Medium Quality Expensive
5279,Meadowlands,35614.0,3,28,27.732065,776.4978199999999,Medium,Medium Quality Expensive
5282,Meadowood,39900.0,3,50,24.574219,1228.71095,Medium,Medium Quality Expensive
5290,Medford,32780.0,3,32,25.702106028555,822.46739291376,Medium,Medium Quality Expensive
5311,Memphis,32820.0,3,11,24.899143912507466,273.89058303758213,Medium,Medium Quality Expensive
5321,Merced,32900.0,3,5,25.479561502328938,127.39780751164469,Medium,Medium Quality Expensive
5348,Merrifield,47900.0,3,42,29.702712,1247.513904,Medium,Medium Quality Expensive
5350,Merrill,32980.0,3,2,16.872589364915434,33.74517872983087,Medium,Medium Quality Less Expensive
5365,Metro West,36740.0,3,24,25.3103,607.4472000000001,Medium,Medium Quality Expensive
5369,MetroCenter,34980.0,3,11,24.038067,264.418737,Medium,Medium Quality Expensive
5372,Mexico,33020.0,3,1,23.310791480777414,23.310791480777414,Medium,Medium Quality Expensive
5379,Miami Airport,33124.0,3,91,32.303952,2939.6596320000003,Medium,Medium Quality Expensive
5383,Miami Beach,33124.0,3,38,40.245764,1529.339032,Medium,Medium Quality Expensive
5386,Miami Gardens/Opa Locka,33124.0,3,2,33.892523,67.785046,Medium,Medium Quality Expensive
5389,Miami Lakes,33124.0,3,43,32.026789,1377.1519270000001,Medium,Medium Quality Expensive
5398,Mid-Cambridge/Harvard Sq,14460.0,3,44,61.170236,2691.490384,Medium,Medium Quality Expensive
5426,Middlebury,35300.0,3,4,22.012303,88.049212,Medium,Medium Quality Expensive
5431,Middletown,35614.0,3,36,23.332061,839.954196,Medium,Medium Quality Expensive
5442,Midtown,13820.0,3,32,22.468385,718.98832,Medium,Medium Quality Expensive
5445,Midtown,14460.0,3,38,40.782808,1549.7467040000001,Medium,Medium Quality Expensive
5466,Midtown,30780.0,3,36,19.67915,708.4494,Medium,Medium Quality Less Expensive
5491,Midtown Bryan MF,17780.0,3,3,24.02331929345376,72.06995788036127,Medium,Medium Quality Expensive
5494,Midtown College Station MF,17780.0,3,2,21.84453142857371,43.68906285714742,Medium,Medium Quality Expensive
5515,Midtown/Randolph,16740.0,3,30,30.54109,916.2327,Medium,Medium Quality Expensive
5535,Mill Creek/Woodinville,42660.0,3,14,31.483567,440.769938,Medium,Medium Quality Expensive
5537,Milledge MF,12020.0,3,3,22.3199570048783,66.9598710146349,Medium,Medium Quality Expensive
5546,Milpitas,41940.0,3,31,44.959192,1393.734952,Medium,Medium Quality Expensive
5565,Milwaukee-Waukesha-West Allis,33340.0,3,31,16.570800609958237,513.6948189087053,Medium,Medium Quality Less Expensive
5572,Minneapolis CBD,33460.0,3,41,25.299555,1037.281755,Medium,Medium Quality Expensive
5593,Mission Bay/China Basin,41884.0,3,5,72.494631,362.473155,Medium,Medium Quality Expensive
5599,Mission Valley,41740.0,3,60,31.473686,1888.42116,Medium,Medium Quality Expensive
5667,Montrose,33940.0,3,6,22.82984042243413,136.9790425346048,Medium,Medium Quality Expensive
5675,Moorpark/Simi Valley,37100.0,3,28,27.46312,768.96736,Medium,Medium Quality Expensive
5688,Morgan County,36260.0,3,1,12.735141,12.735141,Medium,Medium Quality Less Expensive
5691,Morgan Hill,41940.0,3,14,42.23415,591.2781,Medium,Medium Quality Expensive
5728,Mountain Home,34300.0,3,1,19.28246331760219,19.28246331760219,Medium,Medium Quality Less Expensive
5731,Mountain View,41940.0,3,79,68.25174,5391.88746,Medium,Medium Quality Expensive
5739,Murray,34660.0,3,1,13.721419440000002,13.721419440000002,Medium,Medium Quality Less Expensive
5741,Murray Hill,35614.0,3,54,53.153128,2870.268912,Medium,Medium Quality Expensive
5744,Muscatine,34700.0,3,2,19.587309054394954,39.17461810878991,Medium,Medium Quality Less Expensive
5774,N Savannah/Garden City,42340.0,3,9,23.479501,211.315509,Medium,Medium Quality Expensive
5783,NASA/Clear Lake,26420.0,3,82,23.434434,1921.623588,Medium,Medium Quality Expensive
5809,NE North Metro,44060.0,3,8,20.527624,164.220992,Medium,Medium Quality Expensive
5834,NW Broward/Coral Springs,22744.0,3,63,27.64964,1741.92732,Medium,Medium Quality Expensive
5861,NW Outlying Kern County,12540.0,3,1,26.629247,26.629247,Medium,Medium Quality Expensive
5868,Nacogdoches,34860.0,3,6,19.817564214622077,118.90538528773246,Medium,Medium Quality Less Expensive
5880,Naples,34940.0,3,21,29.556625,620.689125,Medium,Medium Quality Expensive
5882,Naples-Immokalee-Marco Island,34940.0,3,9,22.055190917169405,198.49671825452464,Medium,Medium Quality Expensive
5885,Nashville-Davidson--Murfreesboro--Franklin,34980.0,3,31,25.175927913411797,780.4537653157657,Medium,Medium Quality Expensive
5889,Nassau County,27260.0,3,10,26.480096,264.80096,Medium,Medium Quality Expensive
5896,NatHbr/OxnHill/FtWash,47900.0,3,9,28.28703,254.58327000000003,Medium,Medium Quality Expensive
5907,Navarre,37860.0,3,12,23.240007,278.880084,Medium,Medium Quality Expensive
5955,New Haven-Milford,35300.0,3,7,17.05363821414664,119.37546749902648,Medium,Medium Quality Less Expensive
5981,New York-Jersey City-White Plains,35614.0,3,211,43.481979667959244,9174.6977099394,Medium,Medium Quality Expensive
5986,Newark,35084.0,3,78,26.522003,2068.716234,Medium,Medium Quality Expensive
6022,Newton/Hesston,48620.0,3,1,20.028411,20.028411,Medium,Medium Quality Expensive
6028,Newtown/Witchduck,47260.0,3,33,20.285286,669.414438,Medium,Medium Quality Expensive
6043,Nogales,35700.0,3,6,22.78126881160284,136.68761286961703,Medium,Medium Quality Expensive
6095,North Ames MF,11180.0,3,1,18.173170020672,18.173170020672,Medium,Medium Quality Less Expensive
6099,North Athens MF,12020.0,3,1,20.5770353616,20.5770353616,Medium,Medium Quality Expensive
6103,North Bakersfield,12540.0,3,1,19.883446,19.883446,Medium,Medium Quality Less Expensive
6109,North Beaverton,38900.0,3,18,24.883871,447.909678,Medium,Medium Quality Expensive
6113,North Bethesda/Potomac,47900.0,3,40,29.083016,1163.32064,Medium,Medium Quality Expensive
6116,North Bismarck MF,13900.0,3,10,20.370412973890733,203.70412973890734,Medium,Medium Quality Expensive
6119,North Boise,14260.0,3,22,17.785692,391.285224,Medium,Medium Quality Less Expensive
6121,North Branch/Goose Island,16980.0,3,30,26.990071,809.70213,Medium,Medium Quality Expensive
6133,North Burlington County,37980.0,3,53,22.304175,1182.121275,Medium,Medium Quality Expensive
6138,North Cabell County,26580.0,3,4,17.18416,68.73664,Medium,Medium Quality Less Expensive
6143,North Carolina West/Cherokee Area HOS,22580.0,3,1,16.35636495879163,16.35636495879163,Medium,Medium Quality Less Expensive
6192,North Denver,19740.0,3,33,26.944114,889.155762,Medium,Medium Quality Expensive
6204,North Edison/Woodbridge,35614.0,3,26,32.210086,837.462236,Medium,Medium Quality Expensive
6207,North End/Waterfront,14460.0,3,8,40.98169,327.85352,Medium,Medium Quality Expensive
6219,North Fresno,23420.0,3,29,23.717675,687.812575,Medium,Medium Quality Expensive
6221,North Ft Myers,15980.0,3,2,20.242396,40.484792,Medium,Medium Quality Expensive
6234,North I-17,38060.0,3,19,23.855679,453.25790099999995,Medium,Medium Quality Expensive
6239,North Industrial Mankato MF,31860.0,3,1,11.65358665514988,11.65358665514988,Medium,Medium Quality Less Expensive
6248,North Kitsap County,14740.0,3,2,23.110673,46.221346,Medium,Medium Quality Expensive
6250,North Las Vegas,29820.0,3,49,20.266724,993.069476,Medium,Medium Quality Expensive
6256,North Loop West,26420.0,3,28,22.502742,630.076776,Medium,Medium Quality Expensive
6260,North Mandan MF,13900.0,3,1,18.654655242624305,18.654655242624305,Medium,Medium Quality Less Expensive
6276,North Myrtle Beach,34820.0,3,8,18.704133,149.633064,Medium,Medium Quality Less Expensive
6278,North Naples,34940.0,3,102,29.609636,3020.182872,Medium,Medium Quality Expensive
6281,North Natomas,40900.0,3,28,26.668097,746.706716,Medium,Medium Quality Expensive
6289,North Outlying,10740.0,3,1,18.566427,18.566427,Medium,Medium Quality Less Expensive
6291,North Outlying,36420.0,3,7,19.98062,139.86434,Medium,Medium Quality Less Expensive
6301,North Palm Beach,48424.0,3,83,33.013011,2740.079913,Medium,Medium Quality Expensive
6316,North Port-Sarasota-Bradenton,35840.0,3,20,28.3588731973477,567.177463946954,Medium,Medium Quality Expensive
6325,North Rockville,47900.0,3,65,26.762938,1739.59097,Medium,Medium Quality Expensive
6332,North San Jose,41940.0,3,51,49.681573,2533.760223,Medium,Medium Quality Expensive
6335,North Santa Clara,41940.0,3,31,43.33254,1343.30874,Medium,Medium Quality Expensive
6343,North Shore,33340.0,3,14,18.584571,260.183994,Medium,Medium Quality Less Expensive
6349,North Silver Spring/Rt 29,47900.0,3,31,26.263301,814.162331,Medium,Medium Quality Expensive
6355,North Station/Beacon Hill,14460.0,3,28,44.728706,1252.4037680000001,Medium,Medium Quality Expensive
6362,North Tucson/Oro Valley,46060.0,3,57,24.507383,1396.9208310000001,Medium,Medium Quality Expensive
6366,North Valleys,39900.0,3,1,18.849635,18.849635,Medium,Medium Quality Less Expensive
6391,North/Sussex,33340.0,3,2,16.330312,32.660624,Medium,Medium Quality Less Expensive
6401,Northeast,17820.0,3,73,24.250794,1770.3079619999999,Medium,Medium Quality Expensive
6411,Northeast,30700.0,3,4,19.818523,79.274092,Medium,Medium Quality Less Expensive
6417,Northeast,35614.0,3,7,33.483818,234.386726,Medium,Medium Quality Expensive
6437,Northeast,48620.0,3,36,20.424239,735.272604,Medium,Medium Quality Expensive
6440,Northeast Avenues,41620.0,3,2,28.208249,56.416498,Medium,Medium Quality Expensive
6460,Northeast Dayton,44220.0,3,10,18.640237,186.40237,Medium,Medium Quality Less Expensive
6464,Northeast Denver,19740.0,3,20,23.839212,476.78424,Medium,Medium Quality Expensive
6475,Northeast Jacksonville,27260.0,3,11,21.472294,236.19523400000003,Medium,Medium Quality Expensive
6482,Northeast Leon County,45220.0,3,41,20.033895,821.3896950000001,Medium,Medium Quality Expensive
6486,Northeast Madison,31540.0,3,30,20.592882,617.78646,Medium,Medium Quality Expensive
6520,Northeast Wake County,39580.0,3,8,23.25722,186.05776,Medium,Medium Quality Expensive
6524,Northeast/I-77,16740.0,3,82,26.253004,2152.746328,Medium,Medium Quality Expensive
6536,Northgate/N Seattle,42660.0,3,24,35.456858,850.9645919999999,Medium,Medium Quality Expensive
6555,Northwest,12420.0,3,104,36.085525,3752.8945999999996,Medium,Medium Quality Expensive
6559,Northwest,17820.0,3,32,23.079799,738.553568,Medium,Medium Quality Expensive
6569,Northwest,33460.0,3,42,23.838491,1001.216622,Medium,Medium Quality Expensive
6577,Northwest,36420.0,3,91,18.644129,1696.6157389999998,Medium,Medium Quality Less Expensive
6584,Northwest,41700.0,3,130,23.646034,3073.9844200000002,Medium,Medium Quality Expensive
6594,Northwest Bakersfield,12540.0,3,11,25.643817,282.08198699999997,Medium,Medium Quality Expensive
6608,Northwest Far,26420.0,3,18,19.818397,356.731146,Medium,Medium Quality Less Expensive
6611,Northwest Ft Worth,19100.0,3,18,25.192926,453.472668,Medium,Medium Quality Expensive
6615,Northwest Ithaca MF,27060.0,3,1,23.001015440602103,23.001015440602103,Medium,Medium Quality Expensive
6625,Northwest Las Vegas,29820.0,3,135,24.666065,3329.918775,Medium,Medium Quality Expensive
6629,Northwest Leon County,45220.0,3,6,17.304356,103.82613599999999,Medium,Medium Quality Less Expensive
6631,Northwest Madison,31540.0,3,22,22.642344,498.131568,Medium,Medium Quality Expensive
6635,Northwest Near,26420.0,3,8,20.185954,161.487632,Medium,Medium Quality Expensive
6641,Northwest Outlier,26420.0,3,14,28.771755,402.80457,Medium,Medium Quality Expensive
6657,Northwest Queens,35614.0,3,45,40.700229,1831.510305,Medium,Medium Quality Expensive
6663,Northwest Rochester MF,40340.0,3,1,27.471547846969003,27.471547846969003,Medium,Medium Quality Expensive
6665,Northwest SLO,42020.0,3,3,31.080623,93.241869,Medium,Medium Quality Expensive
6672,Northwest Tucson,46060.0,3,10,23.024062,230.24062,Medium,Medium Quality Expensive
6686,Novato/Ignacio/N Marin,42034.0,3,32,32.732678,1047.445696,Medium,Medium Quality Expensive
6689,O'Hare,16980.0,3,72,20.422983,1470.4547759999998,Medium,Medium Quality Expensive
6714,Oakland-Port/Jack London,36084.0,3,12,45.37897,544.54764,Medium,Medium Quality Expensive
6724,Oakton,47900.0,3,12,25.206888,302.482656,Medium,Medium Quality Expensive
6733,Ocean City MF,18880.0,3,1,19.695125530895687,19.695125530895687,Medium,Medium Quality Less Expensive
6749,Office Ctr/West LBJ Ext,19100.0,3,41,23.625717,968.654397,Medium,Medium Quality Expensive
6752,Ogden-Clearfield,36260.0,3,7,24.72270575862125,173.05894031034873,Medium,Medium Quality Expensive
6756,Ogden/Porters Neck,48900.0,3,6,23.547416,141.284496,Medium,Medium Quality Expensive
6773,Okmulgee County,46140.0,3,1,16.481664,16.481664,Medium,Medium Quality Less Expensive
6783,Old Shoe Factory District MF,17860.0,3,1,19.767750409119518,19.767750409119518,Medium,Medium Quality Less Expensive
6784,Old South Baton Rouge,12940.0,3,1,18.910399,18.910399,Medium,Medium Quality Less Expensive
6792,Old Town Harrisonburg MF,25500.0,3,5,16.55553786282458,82.7776893141229,Medium,Medium Quality Less Expensive
6794,Old Town MF,11180.0,3,1,18.42956493014393,18.42956493014393,Medium,Medium Quality Less Expensive
6805,Olympia-Tumwater,36500.0,3,13,26.66172766999919,346.6024597099895,Medium,Medium Quality Expensive
6827,Orange County,20500.0,3,52,26.476413,1376.773476,Medium,Medium Quality Expensive
6842,Orchards,38900.0,3,8,23.76881,190.15048,Medium,Medium Quality Expensive
6849,Orlando Airport,36740.0,3,10,26.131057,261.31057,Medium,Medium Quality Expensive
6853,Orlando Central Park,36740.0,3,24,20.251915,486.04596000000004,Medium,Medium Quality Expensive
6864,Osage County,46140.0,3,2,17.040623,34.081246,Medium,Medium Quality Less Expensive
6866,Osceola Outlying,36740.0,3,17,30.417027,517.089459,Medium,Medium Quality Expensive
6874,Otay Mesa,41740.0,3,3,34.866585,104.599755,Medium,Medium Quality Expensive
6883,Ottumwa,36900.0,3,3,20.86605700537578,62.59817101612734,Medium,Medium Quality Expensive
6891,Outer Churchill County,21980.0,3,1,23.637109,23.637109,Medium,Medium Quality Expensive
6895,Outer Islands,42340.0,3,3,23.186266,69.558798,Medium,Medium Quality Expensive
6906,Outer Schenectady County,10580.0,3,7,19.128215,133.897505,Medium,Medium Quality Less Expensive
6917,Outlying Allen County,23060.0,3,37,20.312467,751.561279,Medium,Medium Quality Expensive
6919,Outlying Arapahoe County,19740.0,3,1,27.350116,27.350116,Medium,Medium Quality Expensive
6935,Outlying Cameron County,15180.0,3,4,21.687972,86.751888,Medium,Medium Quality Expensive
6939,Outlying Chatham County,42340.0,3,3,20.787994,62.36398200000001,Medium,Medium Quality Expensive
6946,Outlying Chesterfield,40060.0,3,1,15.704414,15.704414,Medium,Medium Quality Less Expensive
6955,Outlying Cleveland County,36420.0,3,1,19.012095,19.012095,Medium,Medium Quality Less Expensive
6960,Outlying Collier County,34940.0,3,3,25.92779,77.78337,Medium,Medium Quality Expensive
6963,Outlying Collin County,19100.0,3,6,31.223952,187.343712,Medium,Medium Quality Expensive
6966,Outlying Columbia County,12260.0,3,11,16.311209,179.42329900000001,Medium,Medium Quality Less Expensive
6979,Outlying Douglas County,19740.0,3,1,23.866514,23.866514,Medium,Medium Quality Expensive
6980,Outlying Douglas County,20260.0,3,1,22.607142,22.607142,Medium,Medium Quality Expensive
6992,Outlying Elmore County,33860.0,3,3,13.701055,41.103165000000004,Medium,Medium Quality Less Expensive
7022,Outlying Howard County,12580.0,3,4,22.282619,89.130476,Medium,Medium Quality Expensive
7041,Outlying Lubbock County,31180.0,3,6,19.253897,115.523382,Medium,Medium Quality Less Expensive
7046,Outlying Madison County,27140.0,3,3,19.892078,59.67623400000001,Medium,Medium Quality Less Expensive
7070,Outlying NE Clark County,29820.0,3,4,15.70543,62.82172,Medium,Medium Quality Less Expensive
7090,Outlying Rock Island Cnty,19340.0,3,2,19.605477,39.210954,Medium,Medium Quality Less Expensive
7098,Outlying SLO County,42020.0,3,1,32.795192,32.795192,Medium,Medium Quality Expensive
7107,Outlying Scott County,19340.0,3,11,18.401326,202.414586,Medium,Medium Quality Less Expensive
7110,Outlying Sebastian County,22900.0,3,1,13.443539,13.443539,Medium,Medium Quality Less Expensive
7112,Outlying Sedgwick County,48620.0,3,4,24.979228,99.916912,Medium,Medium Quality Expensive
7130,Outlying Washington Cnty,22220.0,3,5,19.706404,98.53201999999999,Medium,Medium Quality Less Expensive
7146,Oxford,37060.0,3,11,25.493950848641443,280.4334593350559,Medium,Medium Quality Expensive
7174,Paducah,37140.0,3,6,16.464156223945782,98.7849373436747,Medium,Medium Quality Less Expensive
7176,Pahrump,37220.0,3,4,21.96683967942349,87.86735871769396,Medium,Medium Quality Expensive
7188,Palm Bch Cty Outlying,48424.0,3,14,42.163918,590.294852,Medium,Medium Quality Expensive
7192,Palm Beach,48424.0,3,17,63.938601,1086.956217,Medium,Medium Quality Expensive
7195,Palm Bluffs,23420.0,3,39,24.813469,967.7252910000001,Medium,Medium Quality Expensive
7201,Palo Alto,41940.0,3,82,85.978517,7050.238394,Medium,Medium Quality Expensive
7206,Panama City,37460.0,3,46,24.494315982743363,1126.7385352061947,Medium,Medium Quality Expensive
7213,Paradise Valley,38060.0,3,53,24.860881,1317.626693,Medium,Medium Quality Expensive
7219,Parham East,40060.0,3,15,19.296384,289.44576,Medium,Medium Quality Less Expensive
7223,Paris,37540.0,3,1,21.291951550780006,21.291951550780006,Medium,Medium Quality Expensive
7228,Park 100,26900.0,3,12,19.85063,238.20756,Medium,Medium Quality Less Expensive
7238,Park Mile,31084.0,3,10,39.510714,395.10714,Medium,Medium Quality Expensive
7251,Parker/Castle Rock,19740.0,3,52,34.595061,1798.943172,Medium,Medium Quality Expensive
7266,Parkway West Corridor,38300.0,3,44,20.44976,899.78944,Medium,Medium Quality Expensive
7270,Parsippany,35084.0,3,107,23.305773,2493.717711,Medium,Medium Quality Expensive
7273,Parsons,37660.0,3,2,20.55975070176263,41.11950140352526,Medium,Medium Quality Expensive
7280,Pasco County,45300.0,3,160,22.846614,3655.45824,Medium,Medium Quality Expensive
7284,Passaic Rt 46/23,35614.0,3,40,25.495556,1019.82224,Medium,Medium Quality Expensive
7295,Payson,37740.0,3,4,29.7502885386151,119.0011541544604,Medium,Medium Quality Expensive
7300,Pecos,37780.0,3,2,27.845527230021407,55.691054460042814,Medium,Medium Quality Expensive
7305,Pelham/I-85,24860.0,3,24,17.907945,429.79068000000007,Medium,Medium Quality Less Expensive
7316,Penn Plaza/Garment,35614.0,3,252,49.300824,12423.807648,Medium,Medium Quality Expensive
7325,Pensacola-Ferry Pass-Brent,37860.0,3,10,21.470657399782546,214.70657399782544,Medium,Medium Quality Expensive
7333,Perdido,37860.0,3,4,25.308893,101.235572,Medium,Medium Quality Expensive
7357,Philadelphia-Camden-Wilmington,37980.0,3,82,24.117849385447023,1977.663649606656,Medium,Medium Quality Expensive
7384,Pine Bluff,38220.0,3,9,17.38612152659946,156.47509373939513,Medium,Medium Quality Less Expensive
7390,Pioneer Sq/Waterfront,42660.0,3,33,35.776131,1180.612323,Medium,Medium Quality Expensive
7410,Plano,19100.0,3,68,25.374702,1725.479736,Medium,Medium Quality Expensive
7414,Plantation,22744.0,3,69,27.680834,1909.977546,Medium,Medium Quality Expensive
7419,Platte River,19740.0,3,18,35.540739,639.7333020000001,Medium,Medium Quality Expensive
7438,Pleasanton,36084.0,3,54,34.593904,1868.0708160000001,Medium,Medium Quality Expensive
7444,Plymouth Mtg/Blue Bell,37980.0,3,66,25.670509,1694.253594,Medium,Medium Quality Expensive
7450,Point West,40900.0,3,15,27.215438,408.23157,Medium,Medium Quality Expensive
7454,Points West MF,22020.0,3,3,19.224958602133494,57.67487580640048,Medium,Medium Quality Less Expensive
7463,Polk County,41420.0,3,5,23.85738,119.2869,Medium,Medium Quality Expensive
7476,Pontiac,19820.0,3,34,20.793121,706.966114,Medium,Medium Quality Expensive
7498,Portales,38780.0,3,1,15.210647999999999,15.210647999999999,Medium,Medium Quality Less Expensive
7522,Posey County,21780.0,3,1,16.244431,16.244431,Medium,Medium Quality Less Expensive
7525,Post Oak Park,26420.0,3,11,26.19517,288.14687000000004,Medium,Medium Quality Expensive
7547,Preston Center,19100.0,3,21,34.241666,719.0749860000001,Medium,Medium Quality Expensive
7561,Princeton North,35084.0,3,37,23.910885,884.702745,Medium,Medium Quality Expensive
7574,Provo-Orem,39340.0,3,11,22.238440158096584,244.6228417390624,Medium,Medium Quality Expensive
7578,Pulaski Heights MF,12020.0,3,1,22.704299884244833,22.704299884244833,Medium,Medium Quality Expensive
7599,Queen Anne/Magnolia,42660.0,3,34,33.948345,1154.2437300000001,Medium,Medium Quality Expensive
7610,Quincy/Braintree,14460.0,3,54,25.442678,1373.904612,Medium,Medium Quality Expensive
7614,Quorum/Bent Tree,19100.0,3,100,22.820963,2282.0962999999997,Medium,Medium Quality Expensive
7621,Racine,39540.0,3,2,19.022438674584354,38.04487734916871,Medium,Medium Quality Less Expensive
7638,Rancho Bernardo,41740.0,3,41,32.268924,1323.025884,Medium,Medium Quality Expensive
7644,Reading,39740.0,3,3,22.655366095615562,67.96609828684669,Medium,Medium Quality Expensive
7659,Redding/Chico HOS,17020.0,3,27,19.711742225504963,532.217040088634,Medium,Medium Quality Less Expensive
7662,Redding/Chico HOS,39820.0,3,7,18.602560980899856,130.217926866299,Medium,Medium Quality Less Expensive
7665,Redlands/Loma Linda,40140.0,3,43,24.858171,1068.901353,Medium,Medium Quality Expensive
7668,Redmond,42660.0,3,27,33.847862,913.8922739999999,Medium,Medium Quality Expensive
7674,Regency,36540.0,3,6,26.440924,158.645544,Medium,Medium Quality Expensive
7678,Reisterstown Rd Corridor,12580.0,3,69,23.370945,1612.5952049999999,Medium,Medium Quality Expensive
7682,Reno,39900.0,3,10,27.160275484047485,271.60275484047486,Medium,Medium Quality Expensive
7689,Research Park,41620.0,3,7,24.963158,174.742106,Medium,Medium Quality Expensive
7692,Research Triangle,20500.0,3,49,23.394536,1146.332264,Medium,Medium Quality Expensive
7696,Reston,47900.0,3,70,27.447086,1921.29602,Medium,Medium Quality Expensive
7702,Richardson,19100.0,3,77,23.090903,1777.9995310000002,Medium,Medium Quality Expensive
7711,Richmond,40060.0,3,23,18.976339802170827,436.455815449929,Medium,Medium Quality Less Expensive
7723,Ridgefield,14860.0,3,12,27.909954,334.919448,Medium,Medium Quality Expensive
7737,River North,16980.0,3,102,31.480431,3211.003962,Medium,Medium Quality Expensive
7741,River Oaks-Brookhollow MF,10180.0,3,2,13.833543621000961,27.667087242001923,Medium,Medium Quality Less Expensive
7742,River Ridge,35380.0,3,1,20.185126,20.185126,Medium,Medium Quality Expensive
7744,Riverfront MF,13900.0,3,2,20.673638707736394,41.34727741547279,Medium,Medium Quality Expensive
7760,Riverside-San Bernardino-Ontario,40140.0,3,42,24.931633241377636,1047.1285961378608,Medium,Medium Quality Expensive
7762,Riverstone MF,17660.0,3,2,28.66911487134861,57.33822974269722,Medium,Medium Quality Expensive
7765,Riverway,26420.0,3,10,26.458905,264.58905000000004,Medium,Medium Quality Expensive
7786,Rochester,40380.0,3,26,22.728923827794066,590.9520195226457,Medium,Medium Quality Expensive
7797,Rockford,40420.0,3,4,14.357010133370244,57.428040533480974,Medium,Medium Quality Less Expensive
7811,Rockside Corridor,17460.0,3,23,19.00448,437.10304,Medium,Medium Quality Less Expensive
7815,Rockville,47900.0,3,47,28.106504,1321.005688,Medium,Medium Quality Expensive
7819,Rockwall,19100.0,3,24,27.695401,664.689624,Medium,Medium Quality Expensive
7833,Rolla,40620.0,3,6,17.532210083595913,105.19326050157548,Medium,Medium Quality Less Expensive
7839,Roosevelt MF,26980.0,3,2,24.32442917922977,48.64885835845954,Medium,Medium Quality Expensive
7846,Roseville/Rocklin,40900.0,3,160,25.854967,4136.79472,Medium,Medium Quality Expensive
7851,Roswell,40740.0,3,2,28.57419674593745,57.1483934918749,Medium,Medium Quality Expensive
7858,Route 1,39580.0,3,40,21.562714,862.50856,Medium,Medium Quality Expensive
7886,Route 28 Corridor North,47900.0,3,66,25.061939,1654.087974,Medium,Medium Quality Expensive
7889,Route 28 Corridor South,47900.0,3,72,24.955576,1796.801472,Medium,Medium Quality Expensive
7893,Route 287 East,35614.0,3,46,23.58174,1084.76004,Medium,Medium Quality Expensive
7901,Route 29/I-66 Corridor,47900.0,3,36,26.957898,970.484328,Medium,Medium Quality Expensive
7916,Route 4/17,35614.0,3,43,27.54036,1184.23548,Medium,Medium Quality Expensive
7920,Route 46 Corridor,35614.0,3,21,27.603115,579.6654149999999,Medium,Medium Quality Expensive
7923,Route 7 Corridor,47900.0,3,31,26.306839,815.512009,Medium,Medium Quality Expensive
7927,Route 78 East,35084.0,3,78,24.946434,1945.821852,Medium,Medium Quality Expensive
7934,Route 83 Corridor North,12580.0,3,39,22.098228,861.830892,Medium,Medium Quality Expensive
7951,Royal Palm Bch/Wellington,48424.0,3,22,34.868389,767.104558,Medium,Medium Quality Expensive
7960,Rt 290 Corridor,43900.0,3,4,21.631668,86.526672,Medium,Medium Quality Expensive
7969,Ruston,40820.0,3,4,21.52345586968977,86.09382347875908,Medium,Medium Quality Expensive
7978,S Asheville/Royal Pines,11700.0,3,24,24.052059,577.249416,Medium,Medium Quality Expensive
7983,S Central Madison,31540.0,3,15,22.350416,335.25624,Medium,Medium Quality Expensive
7990,S Ft Myers/San Carlos,15980.0,3,174,20.987863,3651.888162,Medium,Medium Quality Expensive
8005,S Seattle,42660.0,3,30,32.393034,971.79102,Medium,Medium Quality Expensive
8022,SE Guilford County,24660.0,3,2,17.050827,34.101654,Medium,Medium Quality Less Expensive
8024,SE Kent County/Caledonia,24340.0,3,2,20.120637,40.241274,Medium,Medium Quality Expensive
8028,SE Las Vegas/Henderson,29820.0,3,39,20.359355,794.014845,Medium,Medium Quality Expensive
8042,SE Orange Outlying,36740.0,3,14,33.419943,467.8792020000001,Medium,Medium Quality Expensive
8056,SE Ozaukee/I-43 Corr,33340.0,3,17,18.833956,320.177252,Medium,Medium Quality Less Expensive
8079,SW New London/East Lyme,35980.0,3,8,22.295398,178.363184,Medium,Medium Quality Expensive
8085,SW Orange Outlying,36740.0,3,4,33.568651,134.274604,Medium,Medium Quality Expensive
8101,Sacramento--Roseville--Arden-Arcade,40900.0,3,49,23.42771583904509,1147.9580761132092,Medium,Medium Quality Expensive
8118,Salem County,37980.0,3,6,21.749602,130.497612,Medium,Medium Quality Expensive
8133,Salt Lake City,41620.0,3,26,18.23125323185358,474.01258402819303,Medium,Medium Quality Less Expensive
8141,San Antonio-New Braunfels,41700.0,3,24,22.18429818792795,532.4231565102708,Medium,Medium Quality Expensive
8157,San Felipe/Voss,26420.0,3,28,24.754545,693.12726,Medium,Medium Quality Expensive
8169,San Jose-Sunnyvale-Santa Clara,41940.0,3,64,37.577678410092446,2404.9714182459165,Medium,Medium Quality Expensive
8209,Sandy South Towne,41620.0,3,28,24.246537,678.903036,Medium,Medium Quality Expensive
8216,Sanford,41820.0,3,9,18.339504153207596,165.05553737886837,Medium,Medium Quality Less Expensive
8218,Santa Ana,11244.0,3,39,28.898913,1127.057607,Medium,Medium Quality Expensive
8226,Santa Clarita Valley,31084.0,3,52,36.423945,1894.0451400000002,Medium,Medium Quality Expensive
8240,Santa Monica Mountains,31084.0,3,1,51.987188,51.987188,Medium,Medium Quality Expensive
8265,Saunders County,36540.0,3,1,23.397317,23.397317,Medium,Medium Quality Expensive
8271,Sawgrass Park,22744.0,3,18,32.361437,582.5058660000001,Medium,Medium Quality Expensive
8275,Schaumburg Area,16980.0,3,198,19.176781,3797.0026379999995,Medium,Medium Quality Less Expensive
8282,Scott County,30460.0,3,10,19.810421,198.10421000000002,Medium,Medium Quality Less Expensive
8290,Scottsbluff,42420.0,3,2,18.428296596352244,36.85659319270449,Medium,Medium Quality Less Expensive
8292,Scottsboro,42460.0,3,3,19.48639195646299,58.45917586938897,Medium,Medium Quality Less Expensive
8294,Scottsdale Airpark,38060.0,3,159,26.471468,4208.963412,Medium,Medium Quality Expensive
8303,Scripps Ranch,41740.0,3,14,31.346434,438.850076,Medium,Medium Quality Expensive
8309,Seaport,14460.0,3,45,41.546532,1869.59394,Medium,Medium Quality Expensive
8330,Sebastian-Vero Beach,42680.0,3,41,25.35613450677517,1039.601514777782,Medium,Medium Quality Expensive
8360,Seward Hwy/Boniface-40,11260.0,3,7,27.181739,190.272173,Medium,Medium Quality Expensive
8370,Shaw,47900.0,3,4,40.673574,162.694296,Medium,Medium Quality Expensive
8380,Shelby,43140.0,3,3,21.20498420420611,63.614952612618325,Medium,Medium Quality Expensive
8397,Sheridan,43260.0,3,1,22.4106321433536,22.4106321433536,Medium,Medium Quality Expensive
8407,Sherwood,38900.0,3,3,27.481429,82.444287,Medium,Medium Quality Expensive
8422,Showplace Square,41884.0,3,12,56.269977,675.239724,Medium,Medium Quality Expensive
8426,Shreveport-Bossier City,43340.0,3,5,15.024018491318786,75.12009245659394,Medium,Medium Quality Less Expensive
8431,Sierra Vista-Douglas,43420.0,3,9,21.62878594883114,194.65907353948026,Medium,Medium Quality Expensive
8438,Silver Spring,47900.0,3,32,28.053839,897.722848,Medium,Medium Quality Expensive
8468,Soho,35614.0,3,100,62.773319,6277.3319,Medium,Medium Quality Expensive
8488,Sorrento Mesa,41740.0,3,47,32.986034,1550.343598,Medium,Medium Quality Expensive
8491,Sorrento Valley,41740.0,3,8,29.971216,239.769728,Medium,Medium Quality Expensive
8492,Souris Valley MF,33500.0,3,1,22.492641238859264,22.492641238859264,Medium,Medium Quality Expensive
8526,South,46140.0,3,16,19.94006,319.04096,Medium,Medium Quality Less Expensive
8533,South Ada County,14260.0,3,4,18.6535,74.614,Medium,Medium Quality Less Expensive
8546,South Boston,14460.0,3,4,36.598723,146.394892,Medium,Medium Quality Expensive
8556,South Burlington County,37980.0,3,62,22.799997,1413.5998140000002,Medium,Medium Quality Expensive
8568,South Carolina Rural Areas HOS,24940.0,3,1,19.354536480096,19.354536480096,Medium,Medium Quality Less Expensive
8578,South Central,40380.0,3,38,17.531501,666.1970379999999,Medium,Medium Quality Less Expensive
8594,South Charlotte,16740.0,3,50,28.500527,1425.02635,Medium,Medium Quality Expensive
8599,South Chicago,16980.0,3,54,25.802223,1393.320042,Medium,Medium Quality Expensive
8622,South Dayton,19380.0,3,70,19.065919,1334.61433,Medium,Medium Quality Less Expensive
8629,South Durham,20500.0,3,64,22.688193,1452.044352,Medium,Medium Quality Expensive
8637,South End,14460.0,3,10,41.290105,412.90104999999994,Medium,Medium Quality Expensive
8643,South Fargo MF,22020.0,3,5,18.66001902300736,93.30009511503681,Medium,Medium Quality Less Expensive
8659,South Gainesville MF,23540.0,3,6,20.22278726188846,121.33672357133077,Medium,Medium Quality Expensive
8664,South Hill,44060.0,3,15,22.544359,338.165385,Medium,Medium Quality Expensive
8681,South Johnson County,28140.0,3,88,21.419436,1884.910368,Medium,Medium Quality Expensive
8690,South Las Vegas,29820.0,3,257,23.272163,5980.945890999999,Medium,Medium Quality Expensive
8693,South Loop,16980.0,3,17,27.353524,465.009908,Medium,Medium Quality Expensive
8696,South Lumpkin MF,12020.0,3,1,19.324597680000004,19.324597680000004,Medium,Medium Quality Less Expensive
8701,South Main/Medical Center,26420.0,3,29,27.369767,793.723243,Medium,Medium Quality Expensive
8705,South Maui,27980.0,3,8,29.864081,238.912648,Medium,Medium Quality Expensive
8708,South Meadows,39900.0,3,47,23.870588,1121.9176360000001,Medium,Medium Quality Expensive
8711,South Meridian,14260.0,3,31,21.844737,677.186847,Medium,Medium Quality Expensive
8766,South Riverside,40140.0,3,137,25.248177,3459.0002489999997,Medium,Medium Quality Expensive
8772,South SLO,42020.0,3,17,30.292485,514.9722449999999,Medium,Medium Quality Expensive
8785,South Santa Clara,41940.0,3,15,44.288738,664.3310700000001,Medium,Medium Quality Expensive
8803,South Tempe/Ahwatukee,38060.0,3,114,24.45449,2787.81186,Medium,Medium Quality Expensive
8816,South/485,16740.0,3,37,32.297346,1195.001802,Medium,Medium Quality Expensive
8823,SouthPark,16740.0,3,24,33.060269,793.4464559999999,Medium,Medium Quality Expensive
8826,Southbury,35300.0,3,8,20.314667,162.517336,Medium,Medium Quality Expensive
8828,Southeast,12420.0,3,12,28.298556,339.582672,Medium,Medium Quality Expensive
8900,Southeast Leon County,45220.0,3,6,22.160928,132.965568,Medium,Medium Quality Expensive
8925,Southeast Valley,41620.0,3,13,21.54479,280.08227,Medium,Medium Quality Expensive
8928,Southeast Wake County,39580.0,3,20,22.639265,452.7853,Medium,Medium Quality Expensive
8948,Southern Lansing,29620.0,3,17,15.504113,263.569921,Medium,Medium Quality Less Expensive
8951,Southern Monmouth,35614.0,3,40,26.735051,1069.40204,Medium,Medium Quality Expensive
8976,Southwest,12420.0,3,130,35.268042,4584.8454600000005,Medium,Medium Quality Expensive
8991,Southwest,34980.0,3,7,24.124497,168.87147900000002,Medium,Medium Quality Expensive
9005,Southwest,46140.0,3,1,18.528458,18.528458,Medium,Medium Quality Less Expensive
9011,Southwest Area MF,16300.0,3,2,19.20297008118514,38.40594016237028,Medium,Medium Quality Less Expensive
9017,Southwest Beltway 8,26420.0,3,39,18.067977,704.6511029999999,Medium,Medium Quality Less Expensive
9020,Southwest Boise,14260.0,3,17,19.354545,329.02726500000006,Medium,Medium Quality Less Expensive
9023,Southwest Broward,22744.0,3,87,34.501478,3001.628586,Medium,Medium Quality Expensive
9046,Southwest Las Vegas,29820.0,3,199,25.173717,5009.569683,Medium,Medium Quality Expensive
9050,Southwest Madison,31540.0,3,17,21.357743,363.081631,Medium,Medium Quality Expensive
9077,Southwest Valley,41620.0,3,24,22.536862,540.884688,Medium,Medium Quality Expensive
9084,Southwest Wake County,39580.0,3,20,24.546542,490.93084,Medium,Medium Quality Expensive
9097,Southwood Valley MF,17780.0,3,1,23.481230411104384,23.481230411104384,Medium,Medium Quality Expensive
9184,St Johns County,27260.0,3,44,23.689371,1042.332324,Medium,Medium Quality Expensive
9198,St Lucie Inland,38940.0,3,24,23.216504,557.196096,Medium,Medium Quality Expensive
9209,St Paul CBD,33460.0,3,14,21.680606,303.528484,Medium,Medium Quality Expensive
9212,St Tammany Parish,35380.0,3,3,24.083951,72.251853,Medium,Medium Quality Expensive
9217,St. George,41100.0,3,20,19.058118882121622,381.16237764243243,Medium,Medium Quality Less Expensive
9229,Stadium Area,11244.0,3,22,27.931213,614.486686,Medium,Medium Quality Expensive
9242,Star,14260.0,3,5,18.321724,91.60862,Medium,Medium Quality Less Expensive
9250,Starr Hill MF,16820.0,3,3,27.918788644331713,83.75636593299514,Medium,Medium Quality Expensive
9287,Stockton-Lodi,44700.0,3,7,27.877203106176623,195.14042174323635,Medium,Medium Quality Expensive
9322,Suburban Essex/Rt 280,35084.0,3,92,23.970221,2205.260332,Medium,Medium Quality Expensive
9341,Suburban West Dodge,36540.0,3,25,28.252976,706.3244,Medium,Medium Quality Expensive
9355,Summit County,44920.0,3,26,27.448719,713.666694,Medium,Medium Quality Expensive
9358,Sumner County,48620.0,3,1,18.335566,18.335566,Medium,Medium Quality Less Expensive
9367,Sunnyvale,41940.0,3,35,55.294707,1935.3147450000001,Medium,Medium Quality Expensive
9371,Sunset Corridor/Hillsboro,38900.0,3,54,25.931202,1400.2849079999999,Medium,Medium Quality Expensive
9374,Superior,20260.0,3,3,20.051123,60.153369,Medium,Medium Quality Expensive
9376,Superstition Corridor,38060.0,3,115,23.502617,2702.800955,Medium,Medium Quality Expensive
9379,Susanville,45000.0,3,1,40.424969772085305,40.424969772085305,Medium,Medium Quality Expensive
9383,Sussex County,40060.0,3,1,18.776063,18.776063,Medium,Medium Quality Less Expensive
9411,Talladega-Sylacauga,45180.0,3,1,13.860730477256803,13.860730477256803,Medium,Medium Quality Less Expensive
9414,Tallahassee,45220.0,3,12,19.813503711406412,237.76204453687694,Medium,Medium Quality Less Expensive
9450,The Boroughs,49340.0,3,49,20.423436,1000.7483639999999,Medium,Medium Quality Expensive
9464,The Square MF,37060.0,3,1,38.96778170161557,38.96778170161557,Medium,Medium Quality Expensive
9466,The Villages,45540.0,3,13,31.08872840844822,404.15346930982685,Medium,Medium Quality Expensive
9469,The Woodlands,26420.0,3,121,29.162567,3528.670607,Medium,Medium Quality Expensive
9473,Third Ward/Walkers Pt,33340.0,3,18,21.531298,387.563364,Medium,Medium Quality Expensive
9479,Thousand Oaks/SE County,37100.0,3,81,28.457514,2305.058634,Medium,Medium Quality Expensive
9486,Tigard,38900.0,3,36,26.036539,937.3154040000001,Medium,Medium Quality Expensive
9489,Times Square,35614.0,3,52,51.362605,2670.85546,Medium,Medium Quality Expensive
9496,Toledo,45780.0,3,10,17.442387866798647,174.42387866798646,Medium,Medium Quality Less Expensive
9501,Tooele County,41620.0,3,7,23.741647,166.191529,Medium,Medium Quality Expensive
9511,Torrey Pines,41740.0,3,10,42.764234,427.64234,Medium,Medium Quality Expensive
9516,Tourist Corridor,36740.0,3,46,25.953794,1193.8745239999998,Medium,Medium Quality Expensive
9519,Town Center MF,19660.0,3,14,21.97997015459392,307.7195821643149,Medium,Medium Quality Expensive
9522,Towson,12580.0,3,60,21.560757,1293.6454199999998,Medium,Medium Quality Expensive
9537,Trenton,45940.0,3,171,26.63445,4554.49095,Medium,Medium Quality Expensive
9549,Tribeca,35614.0,3,21,65.840531,1382.651151,Medium,Medium Quality Expensive
9558,Troy North,19820.0,3,22,21.169503,465.729066,Medium,Medium Quality Expensive
9561,Troy South,19820.0,3,64,21.230171,1358.730944,Medium,Medium Quality Expensive
9565,Truckee-Grass Valley,46020.0,3,23,24.660886153540908,567.2003815314408,Medium,Medium Quality Expensive
9577,Tualatin,38900.0,3,15,25.905186,388.57779,Medium,Medium Quality Expensive
9581,Tucson,46060.0,3,16,23.921942047500877,382.75107276001404,Medium,Medium Quality Expensive
9589,Tulsa,46140.0,3,15,16.721567934997108,250.82351902495662,Medium,Medium Quality Less Expensive
9616,Tysons Corner,47900.0,3,75,27.168189,2037.6141750000002,Medium,Medium Quality Expensive
9620,U.N. Plaza,35614.0,3,7,58.350047,408.450329,Medium,Medium Quality Expensive
9623,UTC,41740.0,3,36,41.081464,1478.9327039999998,Medium,Medium Quality Expensive
9632,Union City,46460.0,3,1,19.420781328288,19.420781328288,Medium,Medium Quality Less Expensive
9635,Union County,16740.0,3,27,24.360327,657.728829,Medium,Medium Quality Expensive
9641,Union Gap,49420.0,3,2,19.646075,39.29215,Medium,Medium Quality Less Expensive
9643,Union Park District,41620.0,3,34,22.864054,777.377836,Medium,Medium Quality Expensive
9647,Union Square,41884.0,3,42,56.071722,2355.0123240000003,Medium,Medium Quality Expensive
9658,University,16740.0,3,45,26.546586,1194.59637,Medium,Medium Quality Expensive
9661,University,36740.0,3,19,26.115023,496.18543700000004,Medium,Medium Quality Expensive
9664,University Centre,12540.0,3,16,30.811482,492.983712,Medium,Medium Quality Expensive
9671,University Research,36740.0,3,13,26.05442,338.70746,Medium,Medium Quality Expensive
9699,Upper Parkway,35614.0,3,19,27.717765,526.637535,Medium,Medium Quality Expensive
9707,Upper Tollway/West Plano,19100.0,3,93,28.673973,2666.679489,Medium,Medium Quality Expensive
9711,Upper West Side,35614.0,3,10,56.076962,560.76962,Medium,Medium Quality Expensive
9734,Uptown Rochester MF,40340.0,3,1,26.897788819979485,26.897788819979485,Medium,Medium Quality Expensive
9755,Urban Honolulu,46520.0,3,4,49.9131666013494,199.6526664053976,Medium,Medium Quality Expensive
9757,Urbana,46500.0,3,2,18.34027818300636,36.68055636601272,Medium,Medium Quality Less Expensive
9760,Utah County,39340.0,3,150,20.004646,3000.6969000000004,Medium,Medium Quality Expensive
9769,VA Beach CBD/Pembroke,47260.0,3,18,20.979867,377.637606,Medium,Medium Quality Expensive
9779,Vallejo-Fairfield,46700.0,3,6,27.721372351329094,166.32823410797457,Medium,Medium Quality Expensive
9782,Valley,44060.0,3,40,19.989112,799.56448,Medium,Medium Quality Less Expensive
9793,Vancouver Mall,38900.0,3,14,25.56834,357.95676,Medium,Medium Quality Expensive
9804,Vestavia Hills,13820.0,3,16,18.640355,298.24568,Medium,Medium Quality Less Expensive
9829,Virginia Beach-Norfolk-Newport News,47260.0,3,24,18.82947204071988,451.9073289772772,Medium,Medium Quality Less Expensive
9855,W Outer Onondaga County,45060.0,3,10,21.166466,211.66466,Medium,Medium Quality Expensive
9870,Wagoner County,46140.0,3,1,17.770787,17.770787,Medium,Medium Quality Less Expensive
9876,Wakulla County,45220.0,3,6,18.229359,109.37615399999999,Medium,Medium Quality Less Expensive
9892,Waltham,14460.0,3,67,35.149492,2355.015964,Medium,Medium Quality Expensive
9908,Warehouse/Arts District,35380.0,3,5,21.475458,107.37729,Medium,Medium Quality Expensive
9921,Warren County,19780.0,3,2,20.200995,40.40199,Medium,Medium Quality Expensive
9938,Warwick,39300.0,3,40,21.959428,878.37712,Medium,Medium Quality Expensive
9968,Washington Park MF,31860.0,3,1,16.95470644626048,16.95470644626048,Medium,Medium Quality Less Expensive
9973,Washington-Arlington-Alexandria,47900.0,3,116,41.16728536419531,4775.405102246656,Medium,Medium Quality Expensive
9977,Washtenaw E of 23,11460.0,3,19,27.301634,518.731046,Medium,Medium Quality Expensive
9994,Watertown,14460.0,3,23,31.251428,718.7828440000001,Medium,Medium Quality Expensive
9997,Watertown,47980.0,3,3,17.73343610211152,53.200308306334556,Medium,Medium Quality Less Expensive
10011,Waycross,48180.0,3,4,15.591879275811944,62.36751710324778,Medium,Medium Quality Less Expensive
10012,Wayne County,26580.0,3,1,16.4903,16.4903,Medium,Medium Quality Less Expensive
10043,West,21340.0,3,56,23.341648,1307.132288,Medium,Medium Quality Expensive
10045,West,30700.0,3,1,19.578945,19.578945,Medium,Medium Quality Less Expensive
10077,West Baton Rouge,12940.0,3,1,19.165624,19.165624,Medium,Medium Quality Less Expensive
10079,West Belt,26420.0,3,28,26.411741,739.528748,Medium,Medium Quality Expensive
10118,West Dayton,19380.0,3,1,18.571204,18.571204,Medium,Medium Quality Less Expensive
10132,West End,38860.0,3,2,27.123021,54.246042,Medium,Medium Quality Expensive
10161,West I-10,38060.0,3,44,26.310361,1157.655884,Medium,Medium Quality Expensive
10172,West Kitsap County,14740.0,3,1,20.342763,20.342763,Medium,Medium Quality Expensive
10174,West LBJ Freeway,19100.0,3,22,19.412757,427.080654,Medium,Medium Quality Less Expensive
10178,West Las Vegas,29820.0,3,165,20.310847,3351.289755,Medium,Medium Quality Expensive
10212,West New Castle County,37980.0,3,27,23.337805,630.120735,Medium,Medium Quality Expensive
10215,West Oahu,46520.0,3,5,38.685952,193.42976,Medium,Medium Quality Expensive
10227,West Palm Beach-Boca Raton-Delray Beach,48424.0,3,37,33.57636492750059,1242.3255023175218,Medium,Medium Quality Expensive
10240,West Pittsburgh,38300.0,3,23,19.709614,453.32112199999995,Medium,Medium Quality Less Expensive
10243,West Plains,44060.0,3,2,21.306632,42.613264,Medium,Medium Quality Expensive
10247,West Raleigh,39580.0,3,70,25.540629,1787.84403,Medium,Medium Quality Expensive
10250,West Reno,39900.0,3,9,28.042195,252.379755,Medium,Medium Quality Expensive
10252,West Rogers,22220.0,3,14,21.946027,307.244378,Medium,Medium Quality Expensive
10284,West University,36740.0,3,10,26.656426,266.56426,Medium,Medium Quality Expensive
10288,West Valley/Lake Park,41620.0,3,14,20.783105,290.96347,Medium,Medium Quality Expensive
10311,Westchase,26420.0,3,42,23.274539,977.5306380000001,Medium,Medium Quality Expensive
10321,Western East/West Corr,16980.0,3,302,19.952442,6025.637484000001,Medium,Medium Quality Less Expensive
10340,Western Nassau,35004.0,3,66,33.889273,2236.692018,Medium,Medium Quality Expensive
10367,Westlake/Grapevine,19100.0,3,168,27.641541,4643.778888,Medium,Medium Quality Expensive
10386,Westshore,45300.0,3,89,27.108366,2412.644574,Medium,Medium Quality Expensive
10397,Westside Athens MF,12020.0,3,13,21.596729522281887,280.75748378966455,Medium,Medium Quality Expensive
10408,Westwood Village MF,48980.0,3,1,18.539303760000003,18.539303760000003,Medium,Medium Quality Less Expensive
10417,White Plains CBD,35614.0,3,29,27.95934,810.82086,Medium,Medium Quality Expensive
10426,Wichita,48620.0,3,6,16.286635564357343,97.71981338614407,Medium,Medium Quality Less Expensive
10440,Williston,48780.0,3,1,22.941090680024363,22.941090680024363,Medium,Medium Quality Expensive
10466,Wilson County,41700.0,3,4,25.00561,100.02244,Medium,Medium Quality Expensive
10489,Winnemucca,49080.0,3,1,17.60184669925872,17.60184669925872,Medium,Medium Quality Less Expensive
10491,Winona,49100.0,3,3,18.051115749661555,54.153347248984666,Medium,Medium Quality Less Expensive
10494,Winston-Salem,49180.0,3,8,21.94399867166095,175.5519893732876,Medium,Medium Quality Expensive
10510,Wolf Pen Creek District MF,17780.0,3,2,21.78958843099303,43.57917686198606,Medium,Medium Quality Expensive
10522,Woodhaven MF,22020.0,3,2,18.480175763771562,36.960351527543125,Medium,Medium Quality Less Expensive
10531,Woodruff/I-385 Corridor,24860.0,3,32,19.726245,631.23984,Medium,Medium Quality Less Expensive
10534,Woodward,23420.0,3,45,25.509955,1147.947975,Medium,Medium Quality Expensive
10538,Woonsocket,39300.0,3,10,20.842547,208.42547,Medium,Medium Quality Expensive
10567,Wyndhurst MF,31340.0,3,10,16.082498483781322,160.82498483781322,Medium,Medium Quality Less Expensive
10570,Wynwood-Design District,33124.0,3,10,47.80899,478.0899,Medium,Medium Quality Expensive
10576,Yakima,49420.0,3,1,21.14314738128,21.14314738128,Medium,Medium Quality Expensive
10585,Yelm/N Yelm,36500.0,3,6,22.84706,137.08236,Medium,Medium Quality Expensive
10609,Youngstown-Warren-Boardman,49660.0,3,7,11.896355377191604,83.27448764034122,Medium,Medium Quality Less Expensive
10617,Yuma & El Centro CA HOS,20940.0,3,2,51.49492861887479,102.98985723774958,Medium,Medium Quality Expensive
10619,Zachary,12940.0,3,3,18.294987,54.884961,Medium,Medium Quality Less Expensive
4,217 Corridor/Beaverton,38900.0,2,52,20.963637,1090.1091239999998,Low,Low Quality Expensive
12,436 Corridor,36740.0,2,114,22.507988,2565.910632,Low,Low Quality Expensive
16,44th Street Corridor,38060.0,2,30,21.314789,639.44367,Low,Low Quality Expensive
27,Aberdeen,10100.0,2,8,15.687227173255941,125.49781738604753,Low,Low Quality Less Expensive
29,Aberdeen,10140.0,2,7,20.5329063292299,143.7303443046093,Low,Low Quality Expensive
32,Aberdeen,12580.0,2,23,19.203199,441.673577,Low,Low Quality Less Expensive
35,Abilene,10180.0,2,15,17.020144746506084,255.30217119759126,Low,Low Quality Less Expensive
38,Ada,10220.0,2,5,15.862928735579798,79.31464367789899,Low,Low Quality Less Expensive
39,Ada/Lowell,24340.0,2,43,17.877113,768.715859,Low,Low Quality Less Expensive
42,Adams County,23900.0,2,11,10.456655,115.02320499999999,Low,Low Quality Less Expensive
45,Airport,10740.0,2,14,14.849168,207.888352,Low,Low Quality Less Expensive
47,Airport,14260.0,2,3,14.751798,44.255394,Low,Low Quality Less Expensive
52,Airport,23420.0,2,37,14.634745,541.4855650000001,Low,Low Quality Less Expensive
54,Airport,26900.0,2,18,14.689226,264.406068,Low,Low Quality Less Expensive
60,Airport,32820.0,2,33,13.862284,457.455372,Low,Low Quality Less Expensive
63,Airport,41180.0,2,18,17.455272,314.194896,Low,Low Quality Less Expensive
66,Airport,48620.0,2,1,16.075253,16.075253,Low,Low Quality Less Expensive
68,Airport,48900.0,2,7,16.713041,116.991287,Low,Low Quality Less Expensive
78,Airport District,19820.0,2,20,15.667902,313.35804,Low,Low Quality Less Expensive
81,Airport North,34980.0,2,37,19.805466,732.802242,Low,Low Quality Less Expensive
85,Airport South,34980.0,2,77,22.2583,1713.8890999999999,Low,Low Quality Expensive
89,Airport Way,38900.0,2,8,22.811171,182.489368,Low,Low Quality Expensive
95,Airport/Northampton,47260.0,2,9,16.800866,151.20779399999998,Low,Low Quality Less Expensive
98,Airport/W Guilford County,24660.0,2,35,15.695465,549.341275,Low,Low Quality Less Expensive
101,Ajo/W Outlying Pima Cnty,46060.0,2,2,16.809059,33.618118,Low,Low Quality Less Expensive
103,Akron,10420.0,2,203,11.836074,2402.723022,Low,Low Quality Less Expensive
107,Alameda,36084.0,2,26,31.219439,811.705414,Low,Low Quality Expensive
110,Alamogordo,10460.0,2,4,17.428769136236554,69.71507654494621,Low,Low Quality Less Expensive
113,Albany,10500.0,2,21,14.266847542536247,299.6037983932612,Low,Low Quality Less Expensive
115,Albany,10540.0,2,2,14.526308262251792,29.052616524503584,Low,Low Quality Less Expensive
117,Albany CBD,10580.0,2,23,14.698487,338.065201,Low,Low Quality Less Expensive
121,Albany-Schenectady-Troy,10580.0,2,19,18.608115364643865,353.5541919282334,Low,Low Quality Less Expensive
124,Albemarle,10620.0,2,2,14.84213070034345,29.6842614006869,Low,Low Quality Less Expensive
125,Albert Lea,10660.0,1,1,14.76146561000896,14.76146561000896,Low,Low Quality Less Expensive
128,Albertville,10700.0,2,12,15.12722451755184,181.52669421062208,Low,Low Quality Less Expensive
133,Alexander City,10760.0,2,9,15.061072571512145,135.5496531436093,Low,Low Quality Less Expensive
135,Alexander County,25860.0,2,4,13.875408,55.501632,Low,Low Quality Less Expensive
137,Alexandria,10780.0,2,18,15.001472839867139,270.0265111176085,Low,Low Quality Less Expensive
143,Alice,10860.0,2,4,19.81715957300296,79.26863829201184,Low,Low Quality Less Expensive
156,Allston/Brighton,14460.0,2,28,31.78832,890.07296,Low,Low Quality Expensive
160,Alma,10940.0,2,4,14.841330795047895,59.36532318019158,Low,Low Quality Less Expensive
162,Alpena,10980.0,2,2,35.96898682545422,71.93797365090845,Low,Low Quality Expensive
164,Altamonte/Douglas,36740.0,2,96,18.863398,1810.886208,Low,Low Quality Less Expensive
167,Altoona,11020.0,2,19,16.258181947928566,308.90545701064275,Low,Low Quality Less Expensive
171,Amarillo,11100.0,2,52,14.89209066782339,774.3887147268164,Low,Low Quality Less Expensive
175,Amelia County,40060.0,2,3,17.437735,52.313204999999996,Low,Low Quality Less Expensive
176,Americus,11140.0,1,3,12.653865757478451,37.961597272435355,Low,Low Quality Less Expensive
181,Amesbury/Ipswich,14460.0,2,32,21.053219,673.703008,Low,Low Quality Expensive
184,Anaheim Hills,11244.0,2,18,26.007998,468.143964,Low,Low Quality Expensive
193,Anderson County,24860.0,2,57,16.357036,932.3510520000001,Low,Low Quality Less Expensive
196,Anderson County,28940.0,2,39,15.651921,610.424919,Low,Low Quality Less Expensive
200,Anderson/Madison Cnty,26900.0,2,33,14.226531,469.475523,Low,Low Quality Less Expensive
203,Andover/East,48620.0,2,4,18.005502,72.022008,Low,Low Quality Less Expensive
206,Angola,11420.0,2,7,15.276093422958278,106.93265396070794,Low,Low Quality Less Expensive
213,Annandale,47900.0,2,29,23.372521,677.803109,Low,Low Quality Expensive
217,Annapolis,12580.0,2,103,24.526588,2526.238564,Low,Low Quality Expensive
221,Anniston-Oxford-Jacksonville,11500.0,2,26,12.265894341044797,318.9132528671647,Low,Low Quality Less Expensive
224,Anoka County Outlying,33460.0,2,11,19.978732,219.766052,Low,Low Quality Less Expensive
227,Ansonia,35300.0,2,7,16.203943,113.427601,Low,Low Quality Less Expensive
234,Antioch/Pittsburg,36084.0,2,37,26.487067,980.021479,Low,Low Quality Expensive
238,Apopka,36740.0,2,20,23.446808,468.93616000000003,Low,Low Quality Expensive
252,Ardmore,11620.0,2,6,14.816845662114886,88.90107397268932,Low,Low Quality Less Expensive
254,Arkadelphia,11660.0,2,4,16.355084300219612,65.42033720087845,Low,Low Quality Less Expensive
256,Arkansas City-Winfield,11680.0,2,1,14.798859852391432,14.798859852391432,Low,Low Quality Less Expensive
258,Arlington,27260.0,2,23,15.800202,363.404646,Low,Low Quality Less Expensive
261,Arlington/Mansfield,19100.0,2,180,21.200065,3816.0116999999996,Low,Low Quality Expensive
265,Armstrong County,38300.0,2,8,13.777486,110.219888,Low,Low Quality Less Expensive
272,Ascension Parish,12940.0,2,30,17.63212,528.9636,Low,Low Quality Less Expensive
275,Asheboro CBD,24660.0,2,13,13.262535,172.412955,Low,Low Quality Less Expensive
277,Asheville,11700.0,2,7,21.31385562920763,149.1969894044534,Low,Low Quality Expensive
280,Ashland,11740.0,2,8,13.063140630884664,104.50512504707731,Low,Low Quality Less Expensive
285,Ashtabula County,11780.0,2,5,13.484965,67.424825,Low,Low Quality Less Expensive
287,Ashwaubenon,24580.0,2,18,14.384408,258.919344,Low,Low Quality Less Expensive
290,Astoria,11820.0,2,8,20.745023639101504,165.96018911281203,Low,Low Quality Expensive
292,Atascosa County,41700.0,2,10,22.509389,225.09389,Low,Low Quality Expensive
294,Atchison,11860.0,2,1,15.629997,15.629997,Low,Low Quality Less Expensive
300,Athens,11940.0,2,7,15.552786941603474,108.86950859122432,Low,Low Quality Less Expensive
304,Athens-Clarke County,12020.0,2,31,16.674599403693843,516.9125815145092,Low,Low Quality Less Expensive
308,Atlanta-Sandy Springs-Roswell,12060.0,2,243,22.816172229122415,5544.329851676747,Low,Low Quality Expensive
312,Atlantic City-Hammonton,12100.0,2,1,18.86371603413648,18.86371603413648,Low,Low Quality Less Expensive
315,Atlantic City/Hammonton,12100.0,2,74,20.568625,1522.07825,Low,Low Quality Expensive
318,Atmore,12120.0,2,2,15.554517438436699,31.109034876873398,Low,Low Quality Less Expensive
320,Attleboro/New Bedford,39300.0,2,130,17.790583,2312.77579,Low,Low Quality Less Expensive
322,Atwater/Winton,32900.0,2,7,16.126875,112.88812499999999,Low,Low Quality Less Expensive
323,Auburn,12140.0,2,4,16.473133387872654,65.89253355149062,Low,Low Quality Less Expensive
326,Auburn,12180.0,2,15,15.885690271671997,238.28535407507997,Low,Low Quality Less Expensive
334,Auburn/Lincoln,40900.0,2,39,17.407844,678.905916,Low,Low Quality Less Expensive
337,Augusta-Richmond County,12260.0,2,11,13.991097139379425,153.9020685331737,Low,Low Quality Less Expensive
340,Augusta-Waterville,12300.0,2,48,14.386708288649093,690.5619978551565,Low,Low Quality Less Expensive
343,Augusta/El Dorado,48620.0,1,2,12.957733,25.915466,Low,Low Quality Less Expensive
346,Aurora,19740.0,2,64,16.938744,1084.079616,Low,Low Quality Less Expensive
349,Austin,12380.0,2,4,15.460385461304222,61.84154184521689,Low,Low Quality Less Expensive
351,Austin County,26420.0,2,3,21.872753,65.618259,Low,Low Quality Expensive
356,Austintown,49660.0,2,12,13.972257,167.66708400000002,Low,Low Quality Less Expensive
359,Avalon Beach/Milton,37860.0,2,20,14.542996,290.85992,Low,Low Quality Less Expensive
365,Avon,25540.0,2,17,21.190148,360.23251600000003,Low,Low Quality Expensive
377,BWI/Baltimore County,12580.0,2,6,17.042417,102.254502,Low,Low Quality Less Expensive
384,Badger Hills RN,40340.0,2,1,24.20648281150681,24.20648281150681,Low,Low Quality Expensive
385,Bainbridge,12460.0,2,2,16.43801199900752,32.87602399801504,Low,Low Quality Less Expensive
393,Bala Cynwyd/Narberth,37980.0,2,24,26.198481,628.763544,Low,Low Quality Expensive
397,Baldwin County,19300.0,2,73,18.588983,1356.995759,Low,Low Quality Less Expensive
401,Ballard/U Dist,42660.0,2,59,34.104532,2012.1673879999998,Low,Low Quality Expensive
409,Baltimore County East,12580.0,2,72,17.758767,1278.631224,Low,Low Quality Less Expensive
412,Baltimore Midtown,12580.0,2,63,17.82055,1122.6946500000001,Low,Low Quality Less Expensive
415,Baltimore Northeast,12580.0,2,26,21.142998,549.717948,Low,Low Quality Expensive
419,Baltimore Northwest,12580.0,2,37,21.255755,786.462935,Low,Low Quality Expensive
422,Baltimore Southeast,12580.0,2,44,20.138141,886.078204,Low,Low Quality Expensive
427,Baltimore Southwest,12580.0,2,16,20.171783,322.748528,Low,Low Quality Expensive
434,Bandera County,41700.0,2,3,22.234188,66.702564,Low,Low Quality Expensive
437,Bangor,12620.0,2,9,14.760397596451146,132.84357836806032,Low,Low Quality Less Expensive
439,Baraboo,12660.0,2,5,15.659500430560378,78.29750215280188,Low,Low Quality Less Expensive
442,Barbur Blvd/Capitol Hwy,38900.0,2,38,20.118873,764.5171740000001,Low,Low Quality Expensive
445,Barnstable Town,12700.0,2,70,20.22480563343463,1415.736394340424,Low,Low Quality Expensive
452,Barrow County,12060.0,2,17,18.033004,306.561068,Low,Low Quality Less Expensive
454,Barry County,24340.0,2,4,15.898772,63.595088,Low,Low Quality Less Expensive
457,Bartlesville,12780.0,2,11,17.59882,193.58702,Low,Low Quality Less Expensive
460,Bartow County,12060.0,2,39,16.18941,631.38699,Low,Low Quality Less Expensive
462,Bastrop,12820.0,2,2,24.76673610877389,49.53347221754778,Low,Low Quality Expensive
464,Bastrop County,12420.0,2,9,32.687596,294.188364,Low,Low Quality Expensive
466,Batavia,12860.0,2,4,14.74299002974521,58.97196011898084,Low,Low Quality Less Expensive
468,Batesville,12900.0,2,5,15.689565744715878,78.44782872357939,Low,Low Quality Less Expensive
474,Battle Creek,12980.0,2,2,10.277199957729,20.554399915458,Low,Low Quality Less Expensive
476,Battle Crk/W Calhoun Cnty,12980.0,2,27,14.509055,391.744485,Low,Low Quality Less Expensive
482,Baxter MF,12020.0,2,1,21.890016,21.890016,Low,Low Quality Expensive
484,Bay City,13020.0,2,15,19.986573180956256,299.7985977143438,Low,Low Quality Less Expensive
489,Bayside,38860.0,2,25,18.032645,450.81612499999994,Low,Low Quality Less Expensive
496,Baytown,26420.0,2,17,21.60636,367.30812,Low,Low Quality Expensive
498,Bayview/Hunters Point,41884.0,2,3,40.867816,122.60344799999999,Low,Low Quality Expensive
502,Beach Cities/Palos Verdes,31084.0,2,127,31.681167,4023.5082089999996,Low,Low Quality Expensive
510,Bearden/Papermill/W Town,28940.0,2,69,17.789759,1227.493371,Low,Low Quality Less Expensive
515,Beaumont,13140.0,2,24,17.150086,411.60206400000004,Low,Low Quality Less Expensive
517,Beaumont-Port Arthur,13140.0,2,3,16.761218965195134,50.2836568955854,Low,Low Quality Less Expensive
521,Beaumont/Hemet,40140.0,2,45,18.701033,841.546485,Low,Low Quality Less Expensive
524,Beaver County,38300.0,2,30,14.143917,424.31751,Low,Low Quality Less Expensive
528,Beckley,13220.0,2,24,17.019828790419762,408.47589097007426,Low,Low Quality Less Expensive
530,Bedford,13260.0,2,3,16.24545484676805,48.73636454030415,Low,Low Quality Less Expensive
533,Beech Grove/SE County,26900.0,2,21,17.142986,360.002706,Low,Low Quality Less Expensive
536,Beechwood MF,12020.0,2,6,20.212617350182736,121.27570410109641,Low,Low Quality Expensive
537,Beeville,13300.0,2,3,18.826518607991233,56.4795558239737,Low,Low Quality Less Expensive
543,Bellefontaine,13340.0,2,4,13.964589399894884,55.858357599579534,Low,Low Quality Less Expensive
550,Bellevue/De Pere,24580.0,2,8,16.228881,129.831048,Low,Low Quality Less Expensive
553,Bellingham,13380.0,2,27,22.089618628858375,596.4197029791761,Low,Low Quality Expensive
560,Belmont/San Carlos,41884.0,2,29,50.62449,1468.11021,Low,Low Quality Expensive
567,Bemidji,13420.0,2,7,18.49148784357183,129.4404149050028,Low,Low Quality Less Expensive
572,Benicia/Vallejo,46700.0,2,62,18.76318,1163.3171599999998,Low,Low Quality Less Expensive
574,Bennettsville,13500.0,2,1,12.046533091712895,12.046533091712895,Low,Low Quality Less Expensive
576,Bennington,13540.0,2,3,17.486642806487946,52.459928419463836,Low,Low Quality Less Expensive
578,Benton County,41060.0,2,10,15.678842,156.78842,Low,Low Quality Less Expensive
584,Berkeley,36084.0,2,79,37.686719,2977.2508009999997,Low,Low Quality Expensive
588,Berkeley County,25180.0,2,27,20.721213,559.472751,Low,Low Quality Expensive
594,Berlin,13620.0,2,1,23.542287883011564,23.542287883011564,Low,Low Quality Expensive
595,Berlin Outlying,25540.0,2,11,19.822185,218.044035,Low,Low Quality Less Expensive
597,Bessemer,13820.0,2,13,18.297636,237.869268,Low,Low Quality Less Expensive
601,Bethel,14860.0,2,14,22.493168,314.904352,Low,Low Quality Expensive
604,Bethel Rd,18140.0,2,92,17.038167,1567.5113640000002,Low,Low Quality Less Expensive
617,Bibb County,13820.0,2,3,17.046307,51.138920999999996,Low,Low Quality Less Expensive
618,Big Rapids,13660.0,2,5,11.22901991513667,56.145099575683346,Low,Low Quality Less Expensive
619,Big Spring,13700.0,2,4,18.712761762849613,74.85104705139845,Low,Low Quality Less Expensive
621,Big Stone Gap,13720.0,2,9,16.218092230425807,145.96283007383227,Low,Low Quality Less Expensive
624,Billings,13740.0,2,17,16.508855735676814,280.65054750650586,Low,Low Quality Less Expensive
626,Binghamton,13780.0,2,6,16.7283239070949,100.3699434425694,Low,Low Quality Less Expensive
628,Birmingham,19820.0,2,71,24.020425,1705.450175,Low,Low Quality Expensive
636,Biscayne Corridor,33124.0,2,16,35.812953,573.007248,Low,Low Quality Expensive
643,Black Bay Park MF,17660.0,2,6,17.54883047404378,105.29298284426267,Low,Low Quality Less Expensive
645,Blackfoot,13940.0,2,4,21.06838862678508,84.27355450714032,Low,Low Quality Expensive
647,Blacksburg-Christiansburg-Radford,13980.0,2,25,16.448965228525676,411.2241307131419,Low,Low Quality Less Expensive
653,Bloomfield,25540.0,2,11,19.889024,218.77926399999998,Low,Low Quality Less Expensive
656,Bloomfield West,19820.0,2,30,21.054708,631.64124,Low,Low Quality Expensive
660,Bloomfield/GSP,35084.0,2,36,24.606704,885.841344,Low,Low Quality Expensive
666,Bloomington,14010.0,2,46,15.651322542210906,719.9608369417017,Low,Low Quality Less Expensive
669,Bloomington,14020.0,2,18,17.853566122119037,321.3641901981427,Low,Low Quality Less Expensive
671,Bloomsburg-Berwick,14100.0,2,1,14.627933039937087,14.627933039937087,Low,Low Quality Less Expensive
674,Bloomsburg/Berwick,14100.0,2,8,14.440072,115.520576,Low,Low Quality Less Expensive
678,Blount County,28940.0,2,32,15.730946,503.390272,Low,Low Quality Less Expensive
682,Blue Ash,17140.0,2,57,17.191777,979.9312889999999,Low,Low Quality Less Expensive
686,Bluefield,14140.0,2,17,17.9219830638791,304.6737120859447,Low,Low Quality Less Expensive
690,Bluewater Bay MF,18880.0,2,1,25.57519932920239,25.57519932920239,Low,Low Quality Expensive
695,Boardman,49660.0,2,28,12.306416,344.579648,Low,Low Quality Less Expensive
713,Bond County,41180.0,2,2,15.522322,31.044644,Low,Low Quality Less Expensive
715,Bonham,14300.0,1,1,19.346904238620795,19.346904238620795,Low,Low Quality Less Expensive
723,Boone County,16620.0,2,2,13.689859,27.379718,Low,Low Quality Less Expensive
724,Boone County,26900.0,2,32,17.732063,567.426016,Low,Low Quality Less Expensive
728,Boone County,40420.0,2,7,14.087168,98.610176,Low,Low Quality Less Expensive
730,Borger,14420.0,2,1,22.68621109733056,22.68621109733056,Low,Low Quality Expensive
733,Bossier Parish,43340.0,2,17,15.730252,267.414284,Low,Low Quality Less Expensive
736,Boston-Cambridge-Newton,14460.0,2,104,29.840228283664068,3103.383741501063,Low,Low Quality Expensive
739,Botetourt County,40220.0,2,11,14.339999,157.739989,Low,Low Quality Less Expensive
752,Boulevard MF,12020.0,2,3,20.594300625165623,61.78290187549687,Low,Low Quality Expensive
753,Bourbon County,30460.0,2,2,15.401077,30.802154,Low,Low Quality Less Expensive
757,Bowling Green,14540.0,2,20,17.064723613938295,341.2944722787659,Low,Low Quality Less Expensive
767,Bracken County,17140.0,2,1,14.453,14.453,Low,Low Quality Less Expensive
768,Bradford,14620.0,2,5,18.88805017061052,94.44025085305259,Low,Low Quality Less Expensive
771,Brainerd,14660.0,2,30,15.042307553041518,451.2692265912455,Low,Low Quality Less Expensive
774,Branch Avenue Corridor,47900.0,2,28,22.278723,623.8042439999999,Low,Low Quality Expensive
776,Brandon/Flowood/Pearl,27140.0,2,51,15.12845,771.5509500000001,Low,Low Quality Less Expensive
778,Branford,35300.0,2,12,16.876566,202.51879200000002,Low,Low Quality Less Expensive
781,Branson,14700.0,2,13,15.461665829474649,201.00165578317043,Low,Low Quality Less Expensive
785,Brea/La Habra,11244.0,2,43,24.682255,1061.336965,Low,Low Quality Expensive
788,Breckenridge,14720.0,2,12,25.802149652342354,309.62579582810827,Low,Low Quality Expensive
790,Bremerton-Silverdale,14740.0,2,2,23.255153459601594,46.51030691920319,Low,Low Quality Expensive
791,Brenham,14780.0,2,4,19.635059403429015,78.54023761371606,Low,Low Quality Less Expensive
793,Brentwood,31084.0,2,17,48.512492,824.712364,Low,Low Quality Expensive
800,Brentwood/Maplewood,41180.0,2,45,19.109892,859.9451399999999,Low,Low Quality Less Expensive
806,Brevard County,37340.0,2,261,18.680085,4875.502184999999,Low,Low Quality Less Expensive
810,Brewster,20524.0,2,10,21.803238,218.03238,Low,Low Quality Expensive
818,Bridgeport,14860.0,2,35,22.040473,771.4165549999999,Low,Low Quality Expensive
821,Bridgeport-Stamford-Norwalk,14860.0,2,24,32.207674694766226,772.9841926743894,Low,Low Quality Expensive
826,Bridgeton/I-70,41180.0,2,12,17.952498,215.42997599999998,Low,Low Quality Less Expensive
828,Brisbane/Daly City,41884.0,2,20,38.398991,767.97982,Low,Low Quality Expensive
832,Bristol City County,28700.0,2,7,12.810207,89.671449,Low,Low Quality Less Expensive
839,Bronx,35614.0,2,52,34.347097,1786.0490439999999,Low,Low Quality Expensive
849,Brookings,15060.0,2,1,27.87595464448475,27.87595464448475,Low,Low Quality Expensive
850,Brookings,15100.0,2,1,13.910537764806717,13.910537764806717,Low,Low Quality Less Expensive
852,Brookside,28140.0,2,8,18.255307,146.042456,Low,Low Quality Less Expensive
854,Broome County,13780.0,2,34,15.299987,520.199558,Low,Low Quality Less Expensive
861,Brownsville-Harlingen,15180.0,2,4,16.330991744285143,65.32396697714057,Low,Low Quality Less Expensive
863,Brownwood,15220.0,2,3,17.27904787865983,51.837143635979494,Low,Low Quality Less Expensive
866,Brunswick,15260.0,2,26,18.56734150185952,482.75087904834754,Low,Low Quality Less Expensive
870,Brunswick,35614.0,2,98,26.352984,2582.592432,Low,Low Quality Expensive
878,Bryan County,42340.0,2,12,18.934138,227.209656,Low,Low Quality Less Expensive
880,Bucyrus,15340.0,2,1,16.054156511330955,16.054156511330955,Low,Low Quality Less Expensive
881,Buena Park/La Palma,11244.0,2,19,26.581463,505.047797,Low,Low Quality Expensive
884,Buffalo CBD,15380.0,2,35,16.033497,561.172395,Low,Low Quality Less Expensive
889,Bullitt County,31140.0,2,10,15.330519,153.30519,Low,Low Quality Less Expensive
892,Buncombe County,11700.0,2,20,17.200156,344.00311999999997,Low,Low Quality Less Expensive
896,Burbank,31084.0,2,150,31.945579,4791.83685,Low,Low Quality Expensive
900,Bureau County,36860.0,2,1,13.106952,13.106952,Low,Low Quality Less Expensive
902,Burke County,25860.0,2,21,15.039991,315.839811,Low,Low Quality Less Expensive
904,Burley,15420.0,2,3,15.588152178480906,46.76445653544272,Low,Low Quality Less Expensive
907,Burlingame,41884.0,2,42,46.628505,1958.3972099999999,Low,Low Quality Expensive
910,Burlington,15460.0,2,4,17.43193703478946,69.72774813915784,Low,Low Quality Less Expensive
912,Burlington,15500.0,2,3,19.074904068665557,57.22471220599667,Low,Low Quality Less Expensive
914,Burlington CBD,15500.0,2,11,17.351141,190.862551,Low,Low Quality Less Expensive
916,Burlington-South Burlington,15540.0,2,60,20.448382588059253,1226.9029552835552,Low,Low Quality Expensive
927,Burrillville/Glocester,39300.0,2,1,16.924257,16.924257,Low,Low Quality Less Expensive
929,Butler County,17140.0,2,97,14.524579,1408.884163,Low,Low Quality Less Expensive
933,Butler County,38300.0,2,67,16.058866,1075.944022,Low,Low Quality Less Expensive
939,Butte-Silver Bow,15580.0,2,2,15.963716885291253,31.927433770582507,Low,Low Quality Less Expensive
944,Byron/Gaines,24340.0,2,8,16.192153,129.537224,Low,Low Quality Less Expensive
948,CBD,12420.0,2,85,42.298552,3595.37692,Low,Low Quality Expensive
953,CBD,13820.0,2,20,21.502313,430.04626,Low,Low Quality Expensive
957,CBD,14740.0,2,4,18.531299,74.125196,Low,Low Quality Less Expensive
963,CBD,16860.0,2,5,19.701859,98.509295,Low,Low Quality Less Expensive
975,CBD,17900.0,2,56,18.969638,1062.299728,Low,Low Quality Less Expensive
979,CBD,17980.0,2,14,15.583707,218.171898,Low,Low Quality Less Expensive
982,CBD,18580.0,2,11,14.983149,164.814639,Low,Low Quality Less Expensive
989,CBD,19780.0,2,14,17.777079,248.879106,Low,Low Quality Less Expensive
1004,CBD,26620.0,2,26,18.852953,490.176778,Low,Low Quality Less Expensive
1012,CBD,28140.0,2,34,18.939075,643.92855,Low,Low Quality Less Expensive
1017,CBD,29180.0,2,11,17.016147,187.177617,Low,Low Quality Less Expensive
1020,CBD,33660.0,2,28,16.984331,475.56126800000004,Low,Low Quality Less Expensive
1024,CBD,36420.0,2,27,18.195229,491.271183,Low,Low Quality Less Expensive
1027,CBD,37900.0,2,9,12.664058,113.976522,Low,Low Quality Less Expensive
1054,CBD,41700.0,2,32,21.464757,686.872224,Low,Low Quality Expensive
1061,CBD,45780.0,2,20,14.899684,297.99368000000004,Low,Low Quality Less Expensive
1082,CBD/Center City,44180.0,2,10,13.785067,137.85067,Low,Low Quality Less Expensive
1086,CBD/Periphery,41620.0,2,43,20.869574,897.391682,Low,Low Quality Expensive
1090,CBD/West Vancouver,38900.0,2,41,20.143538,825.885058,Low,Low Quality Expensive
1094,Cabarrus County,16740.0,2,53,17.322899,918.113647,Low,Low Quality Less Expensive
1098,Cache County,30860.0,2,21,16.559754,347.754834,Low,Low Quality Less Expensive
1104,Cadillac,15620.0,2,6,13.283961897889005,79.70377138733403,Low,Low Quality Less Expensive
1111,Caldwell,14260.0,2,11,14.583872,160.422592,Low,Low Quality Less Expensive
1114,Caldwell County,12420.0,2,7,30.874608,216.122256,Low,Low Quality Expensive
1116,Caldwell County,25860.0,2,11,14.258529,156.843819,Low,Low Quality Less Expensive
1119,Calhoun,15660.0,2,13,15.055706223670152,195.72418090771197,Low,Low Quality Less Expensive
1121,California Rural North Area HOS,17340.0,2,1,22.457003537088,22.457003537088,Low,Low Quality Expensive
1122,California Rural North Area HOS,45000.0,2,1,24.60389081451338,24.60389081451338,Low,Low Quality Expensive
1125,California Rural North Area HOS,46380.0,2,1,22.56358671410296,22.56358671410296,Low,Low Quality Expensive
1131,Calvert County,47900.0,2,30,27.716567,831.49701,Low,Low Quality Expensive
1134,Camarillo/Point Mugu,37100.0,2,29,22.462022,651.398638,Low,Low Quality Expensive
1138,Camas/Washougal,38900.0,2,5,20.984937,104.924685,Low,Low Quality Expensive
1142,Cambridge,15700.0,2,8,20.02946407270736,160.23571258165887,Low,Low Quality Expensive
1145,Cambridge,15740.0,2,9,17.249127717178904,155.24214945461014,Low,Low Quality Less Expensive
1148,Camden,15780.0,2,4,17.012667670700292,68.05067068280117,Low,Low Quality Less Expensive
1155,Campbell,41940.0,2,43,43.509314,1870.9005020000002,Low,Low Quality Expensive
1161,Campus Commons,40900.0,2,29,24.083174,698.412046,Low,Low Quality Expensive
1164,Canadian County,36420.0,2,27,15.38703,415.44980999999996,Low,Low Quality Less Expensive
1166,Canton,15900.0,2,2,14.631353777991729,29.262707555983457,Low,Low Quality Less Expensive
1172,Cape Coral,15980.0,2,57,17.671244,1007.2609080000001,Low,Low Quality Less Expensive
1178,Cape Girardeau,16020.0,2,16,15.880705593738304,254.09128949981286,Low,Low Quality Less Expensive
1182,Capitol Hill,19740.0,2,72,27.110015,1951.92108,Low,Low Quality Expensive
1187,Capitol Hill,47900.0,2,56,46.628892,2611.217952,Low,Low Quality Expensive
1192,Capitol Hill/Central Dist,42660.0,2,38,33.35457,1267.47366,Low,Low Quality Expensive
1201,Carbondale-Marion,16060.0,2,12,15.48491378472721,185.8189654167265,Low,Low Quality Less Expensive
1207,Carlsbad-Artesia,16100.0,2,6,16.24834083049097,97.49004498294582,Low,Low Quality Less Expensive
1210,Carlton County,20260.0,2,3,18.690531,56.071593,Low,Low Quality Less Expensive
1213,Carmel,20524.0,2,18,24.53674,441.66132000000005,Low,Low Quality Expensive
1219,Carmel/Pebble Beach,41500.0,2,5,28.111075,140.555375,Low,Low Quality Expensive
1221,Carmichael/Fair Oaks,40900.0,2,65,18.113546,1177.38049,Low,Low Quality Less Expensive
1223,Carolina Beach,48900.0,2,1,19.451814,19.451814,Low,Low Quality Less Expensive
1224,Caroline County,40060.0,2,4,16.251381,65.005524,Low,Low Quality Less Expensive
1227,Carroll,16140.0,2,2,15.600954367924649,31.201908735849297,Low,Low Quality Less Expensive
1229,Carroll County,12580.0,2,47,17.53816,824.2935200000001,Low,Low Quality Less Expensive
1233,Carson City County,16180.0,2,49,16.472731,807.163819,Low,Low Quality Less Expensive
1236,Carver County Outlying,33460.0,2,14,19.991287,279.878018,Low,Low Quality Less Expensive
1245,Casper,16220.0,2,11,13.750851779468713,151.25936957415584,Low,Low Quality Less Expensive
1248,Cass County,28140.0,2,25,15.715231,392.88077499999997,Low,Low Quality Less Expensive
1250,Cass County,43780.0,2,2,17.593547,35.187094,Low,Low Quality Less Expensive
1260,Catawba County,25860.0,2,68,14.599748,992.782864,Low,Low Quality Less Expensive
1262,Catonsville,12580.0,2,26,19.86034,516.36884,Low,Low Quality Less Expensive
1265,Catoosa County,16860.0,2,4,16.539585,66.15834,Low,Low Quality Less Expensive
1267,Cayce/West Columbia,17900.0,2,46,17.286492,795.178632,Low,Low Quality Less Expensive
1270,Cańon City,15860.0,2,5,16.909939851674572,84.54969925837287,Low,Low Quality Less Expensive
1273,Cecil County,37980.0,2,16,19.6766,314.8256,Low,Low Quality Less Expensive
1276,Cedar Bluff/Walker Spgs,28940.0,2,35,17.340911,606.931885,Low,Low Quality Less Expensive
1281,Cedar Creek MF,12020.0,2,2,18.769075653811274,37.53815130762255,Low,Low Quality Less Expensive
1288,Cedar Rapids,16300.0,2,41,16.45292846218303,674.5700669495043,Low,Low Quality Less Expensive
1292,Cedartown,16340.0,2,5,15.933445438190237,79.66722719095118,Low,Low Quality Less Expensive
1302,Center Point,13820.0,2,30,16.295828,488.87484,Low,Low Quality Less Expensive
1305,Central,12420.0,2,96,34.968638,3356.989248,Low,Low Quality Expensive
1310,Central,21340.0,2,44,16.707951,735.149844,Low,Low Quality Less Expensive
1312,Central,43340.0,2,25,14.9945,374.8625,Low,Low Quality Less Expensive
1315,Central Asheville,11700.0,2,44,22.868943,1006.2334920000001,Low,Low Quality Expensive
1319,Central Avenue Corridor,10580.0,2,28,15.605076,436.942128,Low,Low Quality Less Expensive
1322,Central Boise,14260.0,2,63,14.102235,888.4408050000001,Low,Low Quality Less Expensive
1325,Central Campus,31540.0,2,33,19.037635,628.2419550000001,Low,Low Quality Less Expensive
1334,Central East Las Vegas,29820.0,2,112,15.559838,1742.701856,Low,Low Quality Less Expensive
1343,Central Falls,39300.0,2,1,19.055727,19.055727,Low,Low Quality Less Expensive
1345,Central Grand Rapids,24340.0,2,64,16.633853,1064.566592,Low,Low Quality Less Expensive
1350,Central Guilford County,24660.0,2,29,14.840269,430.367801,Low,Low Quality Less Expensive
1358,Central Kalamazoo,28020.0,2,15,13.639068,204.58602,Low,Low Quality Less Expensive
1362,Central Lansing,29620.0,2,67,16.730992,1120.976464,Low,Low Quality Less Expensive
1369,Central Maui,27980.0,2,21,28.269514,593.659794,Low,Low Quality Expensive
1373,Central Nassau,35004.0,2,86,27.479556,2363.2418159999997,Low,Low Quality Expensive
1389,Central Northwest,16980.0,2,62,20.699133,1283.346246,Low,Low Quality Expensive
1392,Central Oahu,46520.0,2,6,38.459024,230.754144,Low,Low Quality Expensive
1396,Central Pensacola/S Brent,37860.0,2,44,17.975687,790.930228,Low,Low Quality Less Expensive
1399,Central Perimeter,12060.0,2,179,19.86139,3555.18881,Low,Low Quality Less Expensive
1403,Central Queens,35614.0,2,27,33.862909,914.2985430000001,Low,Low Quality Expensive
1407,Central SB County,42200.0,2,22,22.564275,496.41405,Low,Low Quality Expensive
1409,Central Santa Clara,41940.0,2,27,39.088319,1055.384613,Low,Low Quality Expensive
1416,Central Suffolk,35004.0,2,116,23.109495,2680.70142,Low,Low Quality Expensive
1420,Central Tucson,46060.0,2,183,18.415659,3370.0655970000003,Low,Low Quality Less Expensive
1430,Central Valley West,41620.0,2,23,16.187049,372.302127,Low,Low Quality Less Expensive
1437,Central/Airport,39900.0,2,60,16.722142,1003.3285200000001,Low,Low Quality Less Expensive
1439,Centralia,16460.0,1,1,19.55859695361875,19.55859695361875,Low,Low Quality Less Expensive
1441,Centralia,16500.0,2,11,17.89542308986656,196.84965398853217,Low,Low Quality Less Expensive
1448,Chagrin Corridor,17460.0,2,35,19.123699,669.3294649999999,Low,Low Quality Less Expensive
1451,Chalmette,35380.0,2,14,16.335125,228.69175,Low,Low Quality Less Expensive
1456,Chambersburg/Waynesboro,16540.0,2,20,17.949348,358.98696,Low,Low Quality Less Expensive
1459,Chamblee/Dville/N D Hills,12060.0,2,146,19.473963,2843.1985980000004,Low,Low Quality Less Expensive
1463,Champaign-Urbana,16580.0,2,48,18.642287768060022,894.8298128668811,Low,Low Quality Less Expensive
1470,Charles City County,40060.0,2,2,15.295885,30.59177,Low,Low Quality Less Expensive
1472,Charles County,47900.0,2,49,22.938459,1123.9844910000002,Low,Low Quality Expensive
1477,Charleston-Mattoon,16660.0,2,4,16.754073635757234,67.01629454302893,Low,Low Quality Less Expensive
1479,Charleston-North Charleston,16700.0,2,23,20.89124557937627,480.49864832565424,Low,Low Quality Expensive
1487,Charlotte County,39460.0,2,86,17.688093,1521.175998,Low,Low Quality Less Expensive
1494,Charlottesville,16820.0,2,56,23.023494147219406,1289.3156722442868,Low,Low Quality Expensive
1498,Chatham County,20500.0,2,13,20.363187,264.721431,Low,Low Quality Expensive
1503,Cheatham County,34980.0,2,6,22.941912,137.65147199999998,Low,Low Quality Expensive
1510,Chelsea/Harpersville,13820.0,2,7,17.8483,124.93809999999999,Low,Low Quality Less Expensive
1511,Chelsea/Revere,14460.0,2,10,24.771527,247.71526999999998,Low,Low Quality Expensive
1515,Cherokee County,12060.0,2,116,17.213278,1996.7402479999998,Low,Low Quality Less Expensive
1519,Cherokee County,23500.0,2,5,15.648145,78.240725,Low,Low Quality Less Expensive
1523,Cheshire,35300.0,2,21,17.221686,361.65540599999997,Low,Low Quality Less Expensive
1526,Chester County,16740.0,2,4,19.384915,77.53966,Low,Low Quality Less Expensive
1532,Cheyenne,16940.0,2,31,17.12639764660444,530.9183270447376,Low,Low Quality Less Expensive
1544,Chillicothe,17060.0,2,20,14.472506313206514,289.4501262641303,Low,Low Quality Less Expensive
1546,Chilton County,13820.0,1,2,18.28256,36.56512,Low,Low Quality Less Expensive
1548,Chimney Rock Area MF,10180.0,2,2,16.53229273719952,33.06458547439904,Low,Low Quality Less Expensive
1553,Chisago County,33460.0,2,14,19.367774,271.148836,Low,Low Quality Less Expensive
1555,Chowchilla,31460.0,2,2,16.052796,32.105592,Low,Low Quality Less Expensive
1559,Chula Vista,41740.0,2,36,27.563578,992.288808,Low,Low Quality Expensive
1562,Churchland,47260.0,2,10,17.236941,172.36941000000002,Low,Low Quality Less Expensive
1565,Cicero/Berwyn Area,16980.0,2,21,19.926185,418.449885,Low,Low Quality Less Expensive
1568,Cincinnati,17140.0,2,114,23.580556541435264,2688.18344572362,Low,Low Quality Expensive
1579,Citrus Heights/Orangevale,40900.0,2,56,19.668416,1101.431296,Low,Low Quality Less Expensive
1586,City of Ft Myers,15980.0,2,76,17.597349,1337.3985240000002,Low,Low Quality Less Expensive
1589,Civic Center,41884.0,2,12,49.345997,592.1519639999999,Low,Low Quality Expensive
1592,Civic Center Area,11244.0,2,56,22.67683,1269.90248,Low,Low Quality Expensive
1596,Clackamas/Milwaukie,38900.0,2,46,24.393258,1122.089868,Low,Low Quality Expensive
1600,Claremont-Lebanon,17200.0,2,20,25.552547610771136,511.05095221542274,Low,Low Quality Expensive
1607,Clark County,30460.0,2,6,14.479214,86.87528400000001,Low,Low Quality Less Expensive
1611,Clarke County,47900.0,2,2,25.773067,51.546134,Low,Low Quality Expensive
1613,Clarksburg,17220.0,2,20,25.012662842922342,500.25325685844683,Low,Low Quality Expensive
1616,Clarksdale,17260.0,2,4,16.590768284923943,66.36307313969577,Low,Low Quality Less Expensive
1619,Clarkstown,35614.0,2,33,27.43801,905.4543299999999,Low,Low Quality Expensive
1622,Clarksville,17300.0,1,2,16.310660783168217,32.621321566336434,Low,Low Quality Less Expensive
1628,Clayton,41180.0,2,41,20.994122,860.759002,Low,Low Quality Expensive
1631,Clear Creek County,19740.0,2,2,20.078247,40.156494,Low,Low Quality Expensive
1633,Clearlake,17340.0,2,3,19.90248089620729,59.70744268862187,Low,Low Quality Less Expensive
1635,Clemmons,49180.0,2,10,13.771551,137.71551,Low,Low Quality Less Expensive
1637,Cleveland,17420.0,2,14,14.93458099633544,209.08413394869615,Low,Low Quality Less Expensive
1640,Cleveland County,43140.0,2,15,17.554134,263.31201000000004,Low,Low Quality Less Expensive
1643,Cleveland-Elyria,17460.0,2,89,20.840270905014773,1854.7841105463149,Low,Low Quality Expensive
1646,Clewiston,17500.0,2,2,16.448047023462046,32.89609404692409,Low,Low Quality Less Expensive
1649,Clifton/Midtown,17140.0,2,54,17.130168,925.029072,Low,Low Quality Less Expensive
1652,Clovis,17580.0,2,4,18.439657608882687,73.75863043553075,Low,Low Quality Less Expensive
1665,Coastal Daytona Beach,19660.0,2,15,15.986219,239.793285,Low,Low Quality Less Expensive
1667,Coastal SLO,42020.0,2,9,24.084638,216.76174200000003,Low,Low Quality Expensive
1670,Cobbham MF,12020.0,2,1,23.77039118989777,23.77039118989777,Low,Low Quality Expensive
1675,Coeur d'Alene,17660.0,2,46,17.38742843961621,799.8217082223457,Low,Low Quality Less Expensive
1678,Coffeyville,17700.0,2,2,14.11172400719197,28.22344801438394,Low,Low Quality Less Expensive
1686,College Area,41740.0,2,18,27.178864,489.219552,Low,Low Quality Expensive
1693,College Park,26900.0,2,32,16.790598,537.299136,Low,Low Quality Less Expensive
1697,College Park,47900.0,2,40,22.538434,901.5373599999999,Low,Low Quality Expensive
1701,College Station-Bryan,17780.0,2,39,22.55209100546342,879.5315492130734,Low,Low Quality Expensive
1705,College/Acadian,12940.0,2,44,19.330717,850.551548,Low,Low Quality Less Expensive
1709,Colorado Blvd/I-25,19740.0,2,42,20.794431,873.366102,Low,Low Quality Expensive
1713,Colorado Northwest Area HOS,24300.0,2,3,17.33188384839121,51.99565154517363,Low,Low Quality Less Expensive
1715,Colorado Ski Area HOS,14720.0,2,1,19.5595491312,19.5595491312,Low,Low Quality Less Expensive
1723,Columbia,17900.0,2,14,21.149275911715776,296.08986276402084,Low,Low Quality Expensive
1727,Columbia City,23060.0,2,4,13.392227,53.568908,Low,Low Quality Less Expensive
1729,Columbia County,26460.0,2,15,21.242002,318.63003,Low,Low Quality Expensive
1735,Columbia County,38900.0,2,9,21.060172,189.541548,Low,Low Quality Expensive
1743,Columbus,17980.0,2,5,16.17783101116038,80.8891550558019,Low,Low Quality Less Expensive
1746,Columbus,18020.0,2,8,16.79887448249897,134.39099585999176,Low,Low Quality Less Expensive
1749,Columbus,18100.0,2,2,15.16418915121386,30.32837830242772,Low,Low Quality Less Expensive
1751,Columbus,18140.0,2,83,19.359294657469484,1606.821456569967,Low,Low Quality Less Expensive
1760,Comal County,41700.0,2,71,25.457259,1807.465389,Low,Low Quality Expensive
1763,Commercial Blvd,22744.0,2,15,19.980829,299.712435,Low,Low Quality Less Expensive
1767,Comstock/Alpine,24340.0,2,10,16.573336,165.73336,Low,Low Quality Less Expensive
1770,Concord,18180.0,2,61,20.513033729558487,1251.2950575030677,Low,Low Quality Expensive
1774,Concord/Maynard,14460.0,2,79,19.500691,1540.554589,Low,Low Quality Less Expensive
1778,Concord/Pleasant Hill,36084.0,2,70,27.877404,1951.4182799999999,Low,Low Quality Expensive
1781,Connersville,18220.0,2,1,16.97108411405101,16.97108411405101,Low,Low Quality Less Expensive
1783,Conroe,26420.0,2,41,21.224103,870.188223,Low,Low Quality Expensive
1791,Conway,34820.0,2,17,15.226718,258.854206,Low,Low Quality Less Expensive
1794,Cookeville,18260.0,2,12,14.14560981039699,169.7473177247639,Low,Low Quality Less Expensive
1800,Coos Bay,18300.0,1,2,15.94777746680878,31.89555493361756,Low,Low Quality Less Expensive
1806,Coral Gables,33124.0,2,78,35.76822,2789.92116,Low,Low Quality Expensive
1810,Coral Way,33124.0,2,26,34.095225,886.47585,Low,Low Quality Expensive
1813,Cordele,18380.0,2,5,16.78990416327337,83.94952081636686,Low,Low Quality Less Expensive
1814,Corinth,18420.0,2,2,21.860501570327685,43.72100314065537,Low,Low Quality Expensive
1816,Cornelia,18460.0,1,2,12.227308467158881,24.454616934317762,Low,Low Quality Less Expensive
1817,Corning,18500.0,2,2,19.79286681464615,39.5857336292923,Low,Low Quality Less Expensive
1822,Coronado,41740.0,2,2,34.611167,69.222334,Low,Low Quality Expensive
1826,Corsicana,18620.0,2,3,26.374722596658604,79.12416778997581,Low,Low Quality Expensive
1828,Corte Madera/Mill Valley,42034.0,2,72,44.685809,3217.378248,Low,Low Quality Expensive
1831,Cortland County,18660.0,2,3,15.086687,45.260061,Low,Low Quality Less Expensive
1834,Corvallis,18700.0,2,21,19.769012512826507,415.14926276935665,Low,Low Quality Less Expensive
1837,Coshocton,18740.0,1,1,16.205455230518538,16.205455230518538,Low,Low Quality Less Expensive
1838,Costa Mesa,11244.0,2,65,29.888476,1942.7509400000001,Low,Low Quality Expensive
1844,Cottonwood,10740.0,2,10,16.304923,163.04923,Low,Low Quality Less Expensive
1849,Cottonwood MF,13900.0,2,5,15.444623375353165,77.22311687676583,Low,Low Quality Less Expensive
1852,Council Bluffs,36540.0,2,11,12.673218,139.405398,Low,Low Quality Less Expensive
1855,Country Club Plaza,28140.0,2,22,20.442544,449.735968,Low,Low Quality Expensive
1858,Coventry/West Greenwich,39300.0,2,11,17.588231,193.470541,Low,Low Quality Less Expensive
1862,Covington/Newport,17140.0,2,36,14.528417,523.023012,Low,Low Quality Less Expensive
1866,Cowlitz County,31020.0,2,28,17.363647,486.182116,Low,Low Quality Less Expensive
1868,Craig,18780.0,2,2,19.527406583827286,39.05481316765457,Low,Low Quality Less Expensive
1870,Cranston,39300.0,2,33,17.219985,568.259505,Low,Low Quality Less Expensive
1872,Crawford County,22900.0,2,9,14.788572,133.097148,Low,Low Quality Less Expensive
1875,Crawford County,41180.0,2,2,17.673962,35.347924,Low,Low Quality Less Expensive
1876,Crawfordsville,18820.0,2,3,15.496158818681883,46.488476456045646,Low,Low Quality Less Expensive
1879,Creek County,46140.0,2,7,13.618808,95.331656,Low,Low Quality Less Expensive
1880,Crescent City,18860.0,2,5,15.669260773304943,78.34630386652472,Low,Low Quality Less Expensive
1882,Crestview-Fort Walton Beach-Destin,18880.0,2,96,18.505570981061314,1776.5348141818863,Low,Low Quality Less Expensive
1886,Creve Coeur/Hwy-67,41180.0,2,37,17.723135,655.755995,Low,Low Quality Less Expensive
1890,Crittenden County,32820.0,2,18,16.429512,295.73121599999996,Low,Low Quality Less Expensive
1892,Crosby County,31180.0,2,1,15.842134,15.842134,Low,Low Quality Less Expensive
1894,Crossville,18900.0,2,7,16.150859220831286,113.05601454581901,Low,Low Quality Less Expensive
1903,Cullman,18980.0,2,13,14.985008256627951,194.80510733616336,Low,Low Quality Less Expensive
1905,Cullowhee,19000.0,2,6,17.162596344370964,102.97557806622578,Low,Low Quality Less Expensive
1908,Culver City,31084.0,2,82,45.911033,3764.7047060000004,Low,Low Quality Expensive
1912,Cumberland,19060.0,2,16,17.29021417184231,276.643426749477,Low,Low Quality Less Expensive
1916,Cumberland/Galleria,12060.0,2,177,17.798087,3150.261399,Low,Low Quality Less Expensive
1927,Currituck County,47260.0,2,7,16.428957,115.002699,Low,Low Quality Less Expensive
1952,Dalton,19140.0,2,16,14.095334744077647,225.52535590524235,Low,Low Quality Less Expensive
1963,Danvers/Beverly,14460.0,2,38,19.779749,751.630462,Low,Low Quality Less Expensive
1966,Danville,19180.0,2,10,17.19302609295467,171.9302609295467,Low,Low Quality Less Expensive
1968,Danville,19220.0,2,9,17.681546447868616,159.13391803081754,Low,Low Quality Less Expensive
1970,Danville,19260.0,2,10,15.915727141862039,159.15727141862038,Low,Low Quality Less Expensive
1973,Danville/Alamo,36084.0,2,28,35.494187,993.8372359999998,Low,Low Quality Expensive
1983,Davenport-Moline-Rock Island,19340.0,2,5,14.902565422095737,74.51282711047868,Low,Low Quality Less Expensive
1985,Davie County,49180.0,2,10,14.196652,141.96652,Low,Low Quality Less Expensive
1992,Davis/Woodland,40900.0,2,50,21.176134,1058.8067,Low,Low Quality Expensive
1998,Dayton,19380.0,2,55,28.0553360908305,1543.0434849956775,Low,Low Quality Expensive
2001,Dayton,19420.0,2,2,15.44059598660026,30.88119197320052,Low,Low Quality Less Expensive
2004,Dayton CBD,19380.0,2,28,13.211398,369.919144,Low,Low Quality Less Expensive
2008,De Land,19660.0,2,25,20.306608,507.6652,Low,Low Quality Expensive
2010,DeRidder,19760.0,2,2,15.576342880270673,31.152685760541345,Low,Low Quality Less Expensive
2012,DeSoto County,32820.0,2,59,16.799867,991.192153,Low,Low Quality Less Expensive
2016,DeSoto Parish,43340.0,2,2,15.358358,30.716716,Low,Low Quality Less Expensive
2018,Dearborn,19820.0,2,64,16.887959,1080.829376,Low,Low Quality Less Expensive
2022,Dearborn County,17140.0,2,7,15.757558,110.302906,Low,Low Quality Less Expensive
2025,Decatur,12060.0,2,85,21.630715,1838.6107749999999,Low,Low Quality Expensive
2029,Decatur,19460.0,2,11,15.266607474756169,167.93268222231785,Low,Low Quality Less Expensive
2031,Decatur,19500.0,2,20,14.931623902245486,298.6324780449097,Low,Low Quality Less Expensive
2033,Decatur,19540.0,2,2,16.573075868968733,33.146151737937465,Low,Low Quality Less Expensive
2037,Defiance,19580.0,2,11,15.514953420102183,170.664487621124,Low,Low Quality Less Expensive
2042,Del Rio,19620.0,2,4,18.883801003048188,75.53520401219275,Low,Low Quality Less Expensive
2045,Delaware County,37980.0,2,156,21.067377,3286.510812,Low,Low Quality Expensive
2049,Delray Beach,48424.0,2,73,34.335157,2506.466461,Low,Low Quality Expensive
2053,Deltona,19660.0,2,30,19.510246,585.30738,Low,Low Quality Less Expensive
2056,Deltona-Daytona Beach-Ormond Beach,19660.0,2,22,18.536751718164506,407.80853779961916,Low,Low Quality Less Expensive
2059,Deming,19700.0,2,2,13.78493381021299,27.56986762042598,Low,Low Quality Less Expensive
2061,Denton,19100.0,2,71,22.685998,1610.705858,Low,Low Quality Expensive
2068,Denver-Aurora-Lakewood,19740.0,2,72,20.342866432675343,1464.6863831526248,Low,Low Quality Expensive
2073,Derby/Haysville/Mulvane,48620.0,2,9,16.938431,152.44587900000002,Low,Low Quality Less Expensive
2075,Des Moines-West Des Moines,19780.0,2,17,22.41792456960671,381.1047176833141,Low,Low Quality Expensive
2083,Detroit E of Woodward,19820.0,2,21,22.240827,467.057367,Low,Low Quality Expensive
2087,Detroit W of Woodward,19820.0,2,24,18.665835,447.98004000000003,Low,Low Quality Less Expensive
2089,Detroit-New Center,19820.0,2,10,19.60952,196.0952,Low,Low Quality Less Expensive
2093,Detroit-Warren-Dearborn,19820.0,2,126,21.19495232660431,2670.5639931521428,Low,Low Quality Expensive
2099,Dickson County,34980.0,2,13,23.6403,307.3239,Low,Low Quality Expensive
2101,Dimond South-20,11260.0,2,4,22.600842,90.403368,Low,Low Quality Expensive
2103,Dinuba,47300.0,2,3,16.424944,49.274832,Low,Low Quality Less Expensive
2104,Dinwiddie County,40060.0,2,4,14.547148,58.188592,Low,Low Quality Less Expensive
2106,Dixon,19940.0,2,1,15.554550139199998,15.554550139199998,Low,Low Quality Less Expensive
2107,Dock Junction MF,15260.0,2,5,13.923773316181167,69.61886658090583,Low,Low Quality Less Expensive
2110,Dodge City,19980.0,2,5,14.864042838333345,74.32021419166672,Low,Low Quality Less Expensive
2112,Dodge East,13180.0,1,1,15.885982,15.885982,Low,Low Quality Less Expensive
2113,Dodge West,13180.0,2,7,19.201569,134.410983,Low,Low Quality Less Expensive
2116,Dorchester County,16700.0,2,60,20.903639,1254.21834,Low,Low Quality Expensive
2119,Dothan,20020.0,2,39,11.265893343363876,439.3698403911912,Low,Low Quality Less Expensive
2121,Douglas,20060.0,2,1,9.959104738519258,9.959104738519258,Low,Low Quality Less Expensive
2123,Douglas County,23820.0,2,13,21.082091,274.067183,Low,Low Quality Expensive
2126,Douglasville/Lithia Springs,12060.0,2,77,16.899662,1301.273974,Low,Low Quality Less Expensive
2131,Downriver North,19820.0,2,6,14.709218,88.255308,Low,Low Quality Less Expensive
2133,Downriver South,19820.0,2,47,16.214155,762.0652850000001,Low,Low Quality Less Expensive
2136,Downtown,10740.0,2,59,15.78706,931.43654,Low,Low Quality Less Expensive
2140,Downtown,12540.0,2,46,17.061581,784.832726,Low,Low Quality Less Expensive
2144,Downtown,18140.0,2,80,18.37521,1470.0167999999999,Low,Low Quality Less Expensive
2147,Downtown,28940.0,2,17,18.678238,317.530046,Low,Low Quality Less Expensive
2155,Downtown,32820.0,2,18,17.551065,315.91917,Low,Low Quality Less Expensive
2159,Downtown,34980.0,2,30,30.199589,905.98767,Low,Low Quality Expensive
2164,Downtown,38060.0,2,30,21.872989,656.18967,Low,Low Quality Expensive
2169,Downtown,39900.0,2,47,21.43962,1007.66214,Low,Low Quality Expensive
2181,Downtown,42100.0,2,14,26.690583,373.668162,Low,Low Quality Expensive
2185,Downtown,42200.0,2,104,33.587889,3493.1404559999996,Low,Low Quality Expensive
2188,Downtown,47300.0,2,36,17.120983,616.355388,Low,Low Quality Less Expensive
2191,Downtown,48620.0,2,43,14.68889,631.6222700000001,Low,Low Quality Less Expensive
2195,Downtown,48900.0,2,27,17.247673,465.687171,Low,Low Quality Less Expensive
2198,Downtown Abilene MF,10180.0,2,5,12.963564692613184,64.81782346306592,Low,Low Quality Less Expensive
2201,Downtown Altoona MF,11020.0,2,8,15.569877204963753,124.55901763971002,Low,Low Quality Less Expensive
2203,Downtown Amarillo MF,11100.0,2,12,14.945413371979516,179.3449604637542,Low,Low Quality Less Expensive
2206,Downtown Ames MF,11180.0,2,4,16.493774269823327,65.9750970792933,Low,Low Quality Less Expensive
2211,Downtown Ashland,26580.0,2,4,14.914492,59.657968,Low,Low Quality Less Expensive
2214,Downtown Athens MF,12020.0,2,6,21.334600298198964,128.00760178919379,Low,Low Quality Expensive
2223,Downtown Augusta,12260.0,2,21,15.821822,332.258262,Low,Low Quality Less Expensive
2226,Downtown Bangor MF,12620.0,2,8,15.395405115346449,123.16324092277159,Low,Low Quality Less Expensive
2229,Downtown Bay City MF,13020.0,2,2,27.414051756344435,54.82810351268887,Low,Low Quality Expensive
2231,Downtown Beaumont,13140.0,2,21,15.930112,334.532352,Low,Low Quality Less Expensive
2235,Downtown Bellingham MF,13380.0,2,21,20.42371661010379,428.8980488121796,Low,Low Quality Expensive
2237,Downtown Billings MF,13740.0,2,23,15.88965219518965,365.4620004893619,Low,Low Quality Less Expensive
2240,Downtown Bismarck MF,13900.0,2,15,17.554177816383977,263.31266724575966,Low,Low Quality Less Expensive
2242,Downtown Blacksburg MF,13980.0,2,8,16.765651227850135,134.12520982280108,Low,Low Quality Less Expensive
2245,Downtown Bloomington IN MF,14020.0,2,21,18.2170670111516,382.55840723418356,Low,Low Quality Less Expensive
2247,Downtown Bloomington MF,14010.0,2,6,15.046317945132202,90.27790767079321,Low,Low Quality Less Expensive
2250,Downtown Boise,14260.0,2,47,18.497027,869.360269,Low,Low Quality Less Expensive
2254,Downtown Bowling Green MF,14540.0,2,12,16.194418572752912,194.33302287303496,Low,Low Quality Less Expensive
2256,Downtown Bristol,28700.0,2,2,13.502721,27.005442,Low,Low Quality Less Expensive
2257,Downtown Brookings MF,15100.0,2,2,13.785801777282108,27.571603554564216,Low,Low Quality Less Expensive
2263,Downtown Brownsville,15180.0,2,4,16.557403,66.229612,Low,Low Quality Less Expensive
2266,Downtown Brunswick MF,15260.0,2,7,18.867855956124252,132.07499169286976,Low,Low Quality Less Expensive
2269,Downtown Bryan MF,17780.0,2,5,29.055652896836882,145.2782644841844,Low,Low Quality Expensive
2272,Downtown Burlington MF,15540.0,2,17,24.55128349335851,417.37181938709466,Low,Low Quality Expensive
2280,Downtown CDA MF,17660.0,2,16,17.09873117056974,273.5796987291158,Low,Low Quality Less Expensive
2284,Downtown Cedar Falls MF,47940.0,2,4,21.290273760994797,85.16109504397919,Low,Low Quality Expensive
2285,Downtown Cedar Rapids MF,16300.0,2,16,16.032440090655584,256.51904145048934,Low,Low Quality Less Expensive
2287,Downtown Champaign MF,16580.0,2,4,14.241513258849846,56.96605303539938,Low,Low Quality Less Expensive
2295,Downtown Charleston,16700.0,2,69,30.81313,2126.10597,Low,Low Quality Expensive
2299,Downtown Charlottesville MF,16820.0,2,30,24.828594101600384,744.8578230480115,Low,Low Quality Expensive
2303,Downtown Chico MF,17020.0,2,12,19.842405224118327,238.10886268941994,Low,Low Quality Less Expensive
2306,Downtown Clearwater,45300.0,2,43,17.049527,733.129661,Low,Low Quality Less Expensive
2310,Downtown Cleveland MF,17420.0,2,9,12.57302738687781,113.15724648190029,Low,Low Quality Less Expensive
2315,Downtown Columbia MF,17860.0,2,3,19.82834171598125,59.485025147943745,Low,Low Quality Less Expensive
2316,Downtown Columbus IN MF,18020.0,2,11,17.351725629587815,190.86898192546596,Low,Low Quality Less Expensive
2319,Downtown Council Bluffs,36540.0,2,3,14.386194,43.158581999999996,Low,Low Quality Less Expensive
2320,Downtown Davenport,19340.0,2,6,13.619862,81.719172,Low,Low Quality Less Expensive
2323,Downtown Daytona Beach,19660.0,2,24,13.821273,331.710552,Low,Low Quality Less Expensive
2326,Downtown Decatur MF,19460.0,2,12,13.233966404833403,158.80759685800084,Low,Low Quality Less Expensive
2328,Downtown Durango MF,20420.0,2,4,27.231215425695964,108.92486170278386,Low,Low Quality Expensive
2332,Downtown Durham,20500.0,2,28,20.358594,570.040632,Low,Low Quality Expensive
2336,Downtown East,18140.0,2,11,18.272426,200.99668599999998,Low,Low Quality Less Expensive
2342,Downtown Eau Claire MF,20740.0,2,24,13.968451399423572,335.2428335861657,Low,Low Quality Less Expensive
2345,Downtown Elkhart,21140.0,2,5,15.573318,77.86659,Low,Low Quality Less Expensive
2352,Downtown Evansville,21780.0,2,10,13.149177,131.49177,Low,Low Quality Less Expensive
2355,Downtown Fairbanks MF,21820.0,2,5,25.304823410621427,126.52411705310713,Low,Low Quality Expensive
2357,Downtown Fargo MF,22020.0,2,14,14.005423474701823,196.0759286458255,Low,Low Quality Less Expensive
2360,Downtown Fayetteville,22180.0,2,24,19.21898,461.25551999999993,Low,Low Quality Less Expensive
2364,Downtown Fayetteville,22220.0,2,10,16.490858,164.90858,Low,Low Quality Less Expensive
2367,Downtown Flagstaff MF,22380.0,2,5,22.8436483031418,114.21824151570901,Low,Low Quality Expensive
2373,Downtown Fort Lauderdale,22744.0,2,75,29.000215,2175.016125,Low,Low Quality Expensive
2380,Downtown Fresno,23420.0,2,13,16.52915,214.87895000000003,Low,Low Quality Less Expensive
2383,Downtown Ft Smith,22900.0,2,6,12.697939,76.187634,Low,Low Quality Less Expensive
2386,Downtown Gainesville MF,23540.0,2,18,15.668008038680561,282.0241446962501,Low,Low Quality Less Expensive
2390,Downtown Grand Forks MF,24220.0,2,3,19.171495075660474,57.51448522698142,Low,Low Quality Less Expensive
2391,Downtown Greenville MF,24780.0,2,6,19.032472270707576,114.19483362424546,Low,Low Quality Less Expensive
2393,Downtown Hampton,47260.0,2,12,15.089743,181.076916,Low,Low Quality Less Expensive
2396,Downtown Harlingen,15180.0,2,2,17.109496,34.218992,Low,Low Quality Less Expensive
2398,Downtown Harrisonburg MF,25500.0,2,7,16.831344011734558,117.8194080821419,Low,Low Quality Less Expensive
2400,Downtown Hilo,25900.0,2,7,22.086447,154.605129,Low,Low Quality Expensive
2403,Downtown Huntington,26580.0,2,16,15.600294,249.604704,Low,Low Quality Less Expensive
2405,Downtown Huntsville MF,26660.0,2,13,21.404867558605304,278.26327826186895,Low,Low Quality Expensive
2407,Downtown Idaho Falls MF,26820.0,2,5,16.112112851379425,80.56056425689712,Low,Low Quality Less Expensive
2410,Downtown Iowa City MF,26980.0,2,7,23.89667053324044,167.27669373268307,Low,Low Quality Expensive
2414,Downtown Jackson,27140.0,2,18,13.815634,248.681412,Low,Low Quality Less Expensive
2418,Downtown Jackson MF,27180.0,1,1,15.473895691416343,15.473895691416343,Low,Low Quality Less Expensive
2421,Downtown Johnson City MF,27740.0,2,13,16.729646810300125,217.48540853390162,Low,Low Quality Less Expensive
2424,Downtown Jonesboro MF,27860.0,2,13,14.542446429453651,189.05180358289746,Low,Low Quality Less Expensive
2426,Downtown Kansas KC KS,28140.0,2,7,16.252438,113.76706600000001,Low,Low Quality Less Expensive
2429,Downtown Killeen,28660.0,2,2,16.071981,32.143962,Low,Low Quality Less Expensive
2430,Downtown Kingsport,28700.0,2,4,13.648067,54.592268,Low,Low Quality Less Expensive
2432,Downtown Kingston MF,28740.0,2,4,18.753405518822195,75.01362207528878,Low,Low Quality Less Expensive
2437,Downtown Laconia MF,29060.0,2,1,14.8530768,14.8530768,Low,Low Quality Less Expensive
2439,Downtown Lafayette MF,29200.0,2,18,17.31398385381889,311.65170936874,Low,Low Quality Less Expensive
2442,Downtown Lake Charles MF,29340.0,2,10,15.59061952145666,155.9061952145666,Low,Low Quality Less Expensive
2445,Downtown Laramie MF,29660.0,2,1,14.28252785441762,14.28252785441762,Low,Low Quality Less Expensive
2447,Downtown Las Cruces MF,29740.0,2,23,13.453610159485171,309.43303366815894,Low,Low Quality Less Expensive
2450,Downtown Las Vegas,29820.0,2,35,23.660081,828.102835,Low,Low Quality Expensive
2455,Downtown Lexington,30460.0,2,27,16.881607,455.803389,Low,Low Quality Less Expensive
2460,Downtown Lincoln,30700.0,2,19,13.422748,255.03221200000002,Low,Low Quality Less Expensive
2468,Downtown Lubbock,31180.0,2,15,15.395496,230.93243999999999,Low,Low Quality Less Expensive
2472,Downtown Lynchburg MF,31340.0,2,7,16.525398934016803,115.67779253811761,Low,Low Quality Less Expensive
2475,Downtown Macon,31420.0,2,22,13.374601,294.241222,Low,Low Quality Less Expensive
2478,Downtown Mankato MF,31860.0,2,6,17.2853029619094,103.71181777145641,Low,Low Quality Less Expensive
2484,Downtown Medford MF,32780.0,2,18,16.635085747242254,299.43154345036055,Low,Low Quality Less Expensive
2487,Downtown Merced,32900.0,2,9,15.611569,140.504121,Low,Low Quality Less Expensive
2497,Downtown Midland MI MF,33220.0,2,6,16.834590243275017,101.0075414596501,Low,Low Quality Less Expensive
2500,Downtown Minot MF,33500.0,2,2,15.758201892062884,31.516403784125767,Low,Low Quality Less Expensive
2502,Downtown Missoula MF,33540.0,2,12,18.137551496986024,217.6506179638323,Low,Low Quality Less Expensive
2505,Downtown Moline,19340.0,2,3,13.684909,41.054727,Low,Low Quality Less Expensive
2508,Downtown Montgomery,33860.0,2,19,13.163858,250.11330199999998,Low,Low Quality Less Expensive
2511,Downtown Moorhead MF,22020.0,2,5,13.708098761356947,68.54049380678474,Low,Low Quality Less Expensive
2512,Downtown Morgantown MF,34060.0,2,5,17.41559191315526,87.0779595657763,Low,Low Quality Less Expensive
2513,Downtown Myrtle Beach,34820.0,2,20,16.899337,337.98674,Low,Low Quality Less Expensive
2517,Downtown New Bern MF,35100.0,2,9,15.45951961662223,139.13567654960008,Low,Low Quality Less Expensive
2519,Downtown Newport News,47260.0,2,7,14.613037,102.291259,Low,Low Quality Less Expensive
2525,Downtown Northbank,27260.0,2,33,18.708586,617.383338,Low,Low Quality Less Expensive
2528,Downtown Ocala,36100.0,2,26,19.377456,503.813856,Low,Low Quality Less Expensive
2531,Downtown Olympia,36500.0,2,27,18.852667,509.022009,Low,Low Quality Less Expensive
2535,Downtown Omaha,36540.0,2,14,14.152313,198.132382,Low,Low Quality Less Expensive
2539,Downtown Orlando,36740.0,2,86,24.335737,2092.873382,Low,Low Quality Expensive
2544,Downtown Oshkosh MF,36780.0,2,7,15.826836621319014,110.7878563492331,Low,Low Quality Less Expensive
2547,Downtown Palo Alto,41940.0,2,55,84.978143,4673.7978650000005,Low,Low Quality Expensive
2551,Downtown Panama City MF,37460.0,2,31,14.232913971201338,441.22033310724146,Low,Low Quality Less Expensive
2554,Downtown Pensacola,37860.0,2,41,22.336066,915.7787059999999,Low,Low Quality Expensive
2556,Downtown Port Arthur,13140.0,2,1,20.106046,20.106046,Low,Low Quality Expensive
2558,Downtown Portland,38860.0,2,28,20.3369,569.4331999999999,Low,Low Quality Expensive
2564,Downtown Prescott MF,39140.0,2,26,19.79043570269638,514.551328270106,Low,Low Quality Less Expensive
2567,Downtown Raleigh,39580.0,2,18,24.449339,440.088102,Low,Low Quality Expensive
2572,Downtown Rapid City MF,39660.0,2,10,17.15086477902104,171.50864779021038,Low,Low Quality Less Expensive
2576,Downtown Roanoke,40220.0,2,25,15.402336,385.0584,Low,Low Quality Less Expensive
2581,Downtown Rock Island,19340.0,2,4,14.516341,58.065364,Low,Low Quality Less Expensive
2583,Downtown Rome,46540.0,2,5,13.390007,66.950035,Low,Low Quality Less Expensive
2585,Downtown SLO,42020.0,2,32,30.005763,960.184416,Low,Low Quality Expensive
2591,Downtown Salinas,41500.0,2,11,23.31861,256.50471,Low,Low Quality Expensive
2594,Downtown Salisbury MF,41540.0,2,14,16.270404254635228,227.7856595648932,Low,Low Quality Less Expensive
2597,Downtown San Jose,41940.0,2,51,36.192262,1845.805362,Low,Low Quality Expensive
2602,Downtown Santa Fe MF,42140.0,2,37,28.416268036436463,1051.4019173481493,Low,Low Quality Expensive
2605,Downtown Savannah,42340.0,2,15,22.314115,334.711725,Low,Low Quality Expensive
2608,Downtown Schenectady,10580.0,2,11,14.382229,158.204519,Low,Low Quality Less Expensive
2618,Downtown Southbank,27260.0,2,20,18.647981,372.95962000000003,Low,Low Quality Less Expensive
2621,Downtown Springfield MF,44100.0,2,13,16.08126902788526,209.05649736250837,Low,Low Quality Less Expensive
2625,Downtown St Petersburg,45300.0,2,32,22.395716,716.662912,Low,Low Quality Expensive
2629,Downtown Statesboro MF,44340.0,2,8,13.777949855499955,110.22359884399964,Low,Low Quality Less Expensive
2632,Downtown Tallahassee,45220.0,2,19,18.903983,359.175677,Low,Low Quality Less Expensive
2641,Downtown Terre Haute MF,45460.0,2,11,18.0474207580933,198.52162833902628,Low,Low Quality Less Expensive
2643,Downtown Texarkana AR MF,45500.0,2,1,21.347415141389476,21.347415141389476,Low,Low Quality Expensive
2644,Downtown Texarkana TX MF,45500.0,2,1,17.90248667796222,17.90248667796222,Low,Low Quality Less Expensive
2646,Downtown Traverse City MF,45900.0,2,25,19.745175186882374,493.6293796720594,Low,Low Quality Less Expensive
2649,Downtown Troy,10580.0,2,10,14.642176,146.42176,Low,Low Quality Less Expensive
2653,Downtown Tucson,46060.0,2,31,19.389462,601.0733220000001,Low,Low Quality Less Expensive
2657,Downtown Waco MF,47380.0,2,13,15.179368474658224,197.3317901705569,Low,Low Quality Less Expensive
2664,Downtown Wausau MF,48140.0,2,3,17.58373143954774,52.75119431864322,Low,Low Quality Less Expensive
2669,Downtown Wichita Falls MF,48660.0,2,4,15.82938739592826,63.31754958371304,Low,Low Quality Less Expensive
2672,Downtown Wilson MF,48980.0,2,7,13.493283840793463,94.45298688555424,Low,Low Quality Less Expensive
2675,Downtown Wooster MF,49300.0,2,5,13.774964931946327,68.87482465973163,Low,Low Quality Less Expensive
2681,Downtown Yuma MF,49740.0,2,10,19.816130564185144,198.16130564185144,Low,Low Quality Less Expensive
2688,Downtown/E St District,31460.0,2,1,15.974659,15.974659,Low,Low Quality Less Expensive
2692,DuBois,20180.0,2,9,17.555082624431883,157.99574361988695,Low,Low Quality Less Expensive
2694,Dublin,18140.0,2,59,18.836586,1111.358574,Low,Low Quality Less Expensive
2698,Dublin,20140.0,2,6,15.523549097497042,93.14129458498226,Low,Low Quality Less Expensive
2700,Dublin,36084.0,2,25,27.876031,696.9007750000001,Low,Low Quality Expensive
2706,Duluth,20260.0,2,4,18.817778041476238,75.27111216590495,Low,Low Quality Less Expensive
2712,Dumas,20300.0,2,1,20.092097079384935,20.092097079384935,Low,Low Quality Expensive
2713,Duncan,20340.0,1,5,14.393642371865765,71.96821185932882,Low,Low Quality Less Expensive
2717,Dunn,20380.0,2,17,16.192623882692597,275.27460600577416,Low,Low Quality Less Expensive
2719,Dupont,42660.0,2,1,38.126666,38.126666,Low,Low Quality Expensive
2722,Dupont Circle,47900.0,2,31,44.847386,1390.268966,Low,Low Quality Expensive
2726,Durango,20420.0,2,8,20.66339200317753,165.30713602542025,Low,Low Quality Expensive
2728,Durant,20460.0,2,2,21.139808896429308,42.279617792858616,Low,Low Quality Expensive
2733,Dutch Fork/Irmo,17900.0,2,33,18.447268,608.759844,Low,Low Quality Less Expensive
2737,Dyersburg,20540.0,2,1,16.564391199904527,16.564391199904527,Low,Low Quality Less Expensive
2742,E Cass County,36540.0,2,1,15.750595,15.750595,Low,Low Quality Less Expensive
2751,E Ottawa Cnty/Hudsonville,24340.0,2,17,15.724906,267.323402,Low,Low Quality Less Expensive
2754,E Outer Albany County,10580.0,2,45,15.282292,687.70314,Low,Low Quality Less Expensive
2757,E Outlying Fresno County,23420.0,2,8,16.082397,128.659176,Low,Low Quality Less Expensive
2763,E Pierce County,42660.0,2,10,25.707256,257.07256,Low,Low Quality Expensive
2768,E Tudor/Abbott-35,11260.0,2,3,23.407568,70.22270400000001,Low,Low Quality Expensive
2780,East,12420.0,2,50,35.99143,1799.5715,Low,Low Quality Expensive
2784,East,15380.0,2,51,14.905194,760.164894,Low,Low Quality Less Expensive
2788,East,16860.0,2,14,19.050641,266.708974,Low,Low Quality Less Expensive
2792,East,17460.0,2,24,16.63284,399.18816000000004,Low,Low Quality Less Expensive
2795,East,18140.0,2,104,17.514225,1821.4794,Low,Low Quality Less Expensive
2799,East,21340.0,2,90,18.31457,1648.3113,Low,Low Quality Less Expensive
2801,East,28940.0,2,6,16.20628,97.23768,Low,Low Quality Less Expensive
2803,East,30700.0,2,20,16.112248,322.24496,Low,Low Quality Less Expensive
2812,East,46140.0,2,10,14.332315,143.32315,Low,Low Quality Less Expensive
2815,East Ames MF,11180.0,2,4,15.601849198861165,62.40739679544466,Low,Low Quality Less Expensive
2827,East Charlotte,16740.0,2,74,19.047015,1409.4791099999998,Low,Low Quality Less Expensive
2830,East Christian County,44180.0,2,2,16.992667,33.985334,Low,Low Quality Less Expensive
2832,East Cobb,12060.0,2,137,17.38141,2381.25317,Low,Low Quality Less Expensive
2835,East Columbia Corridor,38900.0,2,9,21.828893,196.460037,Low,Low Quality Expensive
2838,East County,41740.0,2,139,25.322167,3519.781213,Low,Low Quality Expensive
2847,East End,38300.0,2,53,17.192566,911.2059979999999,Low,Low Quality Less Expensive
2851,East End,38860.0,2,6,19.793397,118.76038199999999,Low,Low Quality Less Expensive
2861,East Fayetteville,22180.0,2,3,17.098097,51.294291,Low,Low Quality Less Expensive
2862,East Feliciana Parish,12940.0,2,2,17.840021,35.680042,Low,Low Quality Less Expensive
2864,East Granby,25540.0,2,6,19.468974,116.81384399999999,Low,Low Quality Less Expensive
2865,East Grand Forks MF,24220.0,2,3,16.06965299378607,48.208958981358215,Low,Low Quality Less Expensive
2867,East Greenwich,39300.0,2,16,19.321656,309.146496,Low,Low Quality Less Expensive
2869,East Hampden,19740.0,2,50,16.659113,832.9556500000001,Low,Low Quality Less Expensive
2873,East Hampton/East Haddam,25540.0,2,5,16.176398,80.88199,Low,Low Quality Less Expensive
2875,East Hartford,25540.0,2,16,18.126101,290.017616,Low,Low Quality Less Expensive
2879,East Haven,35300.0,2,4,17.3912,69.5648,Low,Low Quality Less Expensive
2882,East Hollywood/Silver Lake,31084.0,2,56,38.747265,2169.84684,Low,Low Quality Expensive
2892,East Islands/Mt Pleasant,16700.0,2,81,28.65847,2321.3360700000003,Low,Low Quality Expensive
2896,East Jackson County,28140.0,2,119,16.09436,1915.2288400000002,Low,Low Quality Less Expensive
2899,East LA County Outlying,31084.0,2,1,27.283152,27.283152,Low,Low Quality Expensive
2908,East Lexington/Fayette,30460.0,2,57,16.496239,940.285623,Low,Low Quality Less Expensive
2917,East Moline,19340.0,2,4,14.192872,56.771488,Low,Low Quality Less Expensive
2919,East Naples,34940.0,2,31,23.293212,722.089572,Low,Low Quality Expensive
2923,East Northeast Ft Worth,19100.0,2,53,19.406234,1028.530402,Low,Low Quality Less Expensive
2927,East Oahu,46520.0,2,7,41.956671,293.696697,Low,Low Quality Expensive
2930,East Oklahoma County,36420.0,2,18,16.352326,294.34186800000003,Low,Low Quality Less Expensive
2934,East Orange,11244.0,2,56,27.316122,1529.702832,Low,Low Quality Expensive
2936,East Outlying,10740.0,2,5,14.897085,74.485425,Low,Low Quality Less Expensive
2939,East Pender County,48900.0,2,10,18.595595,185.95595,Low,Low Quality Less Expensive
2943,East Providence,39300.0,2,27,17.414358,470.187666,Low,Low Quality Less Expensive
2946,East Raleigh,39580.0,2,14,22.747065,318.45891,Low,Low Quality Expensive
2949,East Rogers,22220.0,2,27,15.554664,419.975928,Low,Low Quality Less Expensive
2951,East Sacramento,40900.0,2,21,22.304068,468.38542800000005,Low,Low Quality Expensive
2953,East San Jose-Willow Glen,41940.0,2,61,39.380568,2402.2146479999997,Low,Low Quality Expensive
2956,East Side,43900.0,2,16,15.911889,254.590224,Low,Low Quality Less Expensive
2960,East Tallahassee,45220.0,2,36,15.922915,573.22494,Low,Low Quality Less Expensive
2967,East Toledo/Oregon,45780.0,2,9,14.624872,131.623848,Low,Low Quality Less Expensive
2969,East Tucson,46060.0,2,26,19.299535,501.78790999999995,Low,Low Quality Less Expensive
2974,East Windsor,25540.0,2,6,19.693398,118.16038799999998,Low,Low Quality Less Expensive
2975,Eastern Calhoun County,12980.0,2,2,14.718002,29.436004,Low,Low Quality Less Expensive
2982,Eastern Monmouth,35614.0,2,148,21.680461,3208.708228,Low,Low Quality Expensive
2986,Eastern Morris,35084.0,2,20,20.070612,401.41224,Low,Low Quality Expensive
2988,Eastern Muskegon County,34740.0,1,2,17.330925,34.66185,Low,Low Quality Less Expensive
2995,Eastern Outlying,45300.0,2,45,19.208601,864.3870450000001,Low,Low Quality Less Expensive
2999,Eastern SFV,31084.0,2,103,27.191839,2800.759417,Low,Low Quality Expensive
3003,Eastern SGV,31084.0,2,239,26.8979,6428.5981,Low,Low Quality Expensive
3007,Eastern Suffolk,35004.0,2,51,30.541447,1557.613797,Low,Low Quality Expensive
3010,Eastgate/Anderson Twp,17140.0,2,39,14.841664,578.824896,Low,Low Quality Less Expensive
3017,Eastside,21780.0,2,62,13.662512,847.075744,Low,Low Quality Less Expensive
3020,Eastside,36500.0,2,33,19.674257,649.250481,Low,Low Quality Less Expensive
3022,Eastside Athens MF,12020.0,2,4,16.29348967060751,65.17395868243004,Low,Low Quality Less Expensive
3024,Eastwood Park MF,33500.0,2,1,15.604347570352889,15.604347570352889,Low,Low Quality Less Expensive
3025,Eau Claire,20740.0,2,25,15.337881505279105,383.44703763197765,Low,Low Quality Less Expensive
3027,Edgefield County,12260.0,2,2,15.744207,31.488414,Low,Low Quality Less Expensive
3030,Edgewood/South County,26900.0,2,66,15.784972,1041.808152,Low,Low Quality Less Expensive
3041,Edmonds/Lynnwood,42660.0,2,59,27.567349,1626.473591,Low,Low Quality Expensive
3047,Effingham,20820.0,2,5,15.885739700098094,79.42869850049047,Low,Low Quality Less Expensive
3048,Effingham County,42340.0,2,8,18.6652,149.3216,Low,Low Quality Less Expensive
3054,El Campo,20900.0,2,3,18.974558240647074,56.923674721941225,Low,Low Quality Less Expensive
3057,El Centro,20940.0,2,19,23.12574966954561,439.3892437213666,Low,Low Quality Expensive
3059,El Dorado,20980.0,2,9,15.628205443083669,140.653848987753,Low,Low Quality Less Expensive
3067,El Paso,21340.0,2,7,22.954120194776372,160.6788413634346,Low,Low Quality Expensive
3072,Elbert County,19740.0,2,4,19.910546,79.642184,Low,Low Quality Less Expensive
3075,Elizabeth City,21020.0,2,21,17.599295698712368,369.5852096729597,Low,Low Quality Less Expensive
3078,Elizabethtown-Fort Knox,21060.0,2,28,13.21887865213614,370.12860225981194,Low,Low Quality Less Expensive
3080,Elk City,21120.0,1,1,13.445508452542173,13.445508452542173,Low,Low Quality Less Expensive
3085,Elkhart-Goshen,21140.0,2,4,8.243655862336011,32.974623449344044,Low,Low Quality Less Expensive
3086,Elkins,21180.0,2,1,18.536602794873218,18.536602794873218,Low,Low Quality Less Expensive
3088,Elko,21220.0,2,13,21.466397952669766,279.06317338470694,Low,Low Quality Expensive
3090,Ellensburg,21260.0,2,4,20.52309088297302,82.09236353189208,Low,Low Quality Expensive
3092,Ellett-Jennelle MF,13980.0,2,3,19.29471529121292,57.88414587363876,Low,Low Quality Less Expensive
3095,Ellicott City,12580.0,2,39,20.555233,801.654087,Low,Low Quality Expensive
3098,Ellis County,19100.0,2,25,24.554845,613.871125,Low,Low Quality Expensive
3101,Elmira,21300.0,2,15,18.10761344610724,271.6142016916086,Low,Low Quality Less Expensive
3104,Elmwood/Harahan,35380.0,2,15,15.859997,237.899955,Low,Low Quality Less Expensive
3107,Emeryville,36084.0,2,13,37.587186,488.633418,Low,Low Quality Expensive
3116,Enfield,25540.0,2,14,20.219811,283.077354,Low,Low Quality Expensive
3119,Enid,21420.0,2,12,14.420283885271651,173.0434066232598,Low,Low Quality Less Expensive
3121,Enos Park MF,44100.0,2,1,14.973806889208955,14.973806889208955,Low,Low Quality Less Expensive
3123,Ensley/N Brent,37860.0,2,8,15.862144,126.897152,Low,Low Quality Less Expensive
3126,Enterprise,21460.0,2,5,13.968513713470388,69.84256856735195,Low,Low Quality Less Expensive
3129,Erie,21500.0,2,2,16.31055588094913,32.62111176189826,Low,Low Quality Less Expensive
3132,Erie County,41780.0,2,21,13.574658,285.067818,Low,Low Quality Less Expensive
3137,Escondido,41740.0,2,59,22.858652,1348.660468,Low,Low Quality Expensive
3140,Espańola,21580.0,2,10,16.159766498031455,161.59766498031456,Low,Low Quality Less Expensive
3143,Essen/Bluebonnet,12940.0,2,105,20.304255,2131.9467750000003,Low,Low Quality Expensive
3147,Essex/Gloucester,14460.0,2,11,20.484437,225.32880699999998,Low,Low Quality Expensive
3152,Etowah County,23460.0,2,26,13.777491,358.214766,Low,Low Quality Less Expensive
3154,Eufaula,21640.0,2,2,13.555022025600001,27.110044051200003,Low,Low Quality Less Expensive
3156,Eugene,21660.0,2,6,21.434170490484796,128.60502294290876,Low,Low Quality Expensive
3160,Eureka-Arcata-Fortuna,21700.0,2,35,17.816833416461986,623.5891695761695,Low,Low Quality Less Expensive
3162,Eureka/Crescent City HOS,21700.0,2,6,14.915592742266472,89.49355645359884,Low,Low Quality Less Expensive
3165,Evans/Martinez,12260.0,2,31,15.926382,493.717842,Low,Low Quality Less Expensive
3167,Evanston,21740.0,2,1,20.57805771930828,20.57805771930828,Low,Low Quality Expensive
3172,Everett CBD,42660.0,2,31,23.813599,738.221569,Low,Low Quality Expensive
3180,FM 1960/Champions,26420.0,2,46,17.894242,823.1351319999999,Low,Low Quality Less Expensive
3190,Fairbanks,21820.0,2,4,29.51540055207977,118.06160220831909,Low,Low Quality Expensive
3196,Fairfax City,47900.0,2,103,22.19338,2285.91814,Low,Low Quality Expensive
3200,Fairfax/Mt. Lookout,17140.0,2,35,18.031178,631.09123,Low,Low Quality Less Expensive
3204,Fairfield,14860.0,2,41,29.279381,1200.454621,Low,Low Quality Expensive
3208,Fairfield County,17900.0,2,3,18.4696,55.4088,Low,Low Quality Less Expensive
3210,Fairfield County,18140.0,2,32,17.941478,574.127296,Low,Low Quality Less Expensive
3214,Fairfield/Suisun City,46700.0,2,31,20.558582,637.316042,Low,Low Quality Expensive
3217,Fairhaven MF,13380.0,2,4,24.58540907706029,98.34163630824116,Low,Low Quality Expensive
3223,Fairmont,21860.0,2,3,15.365762796319553,46.09728838895866,Low,Low Quality Less Expensive
3225,Fairmont,21900.0,2,11,13.702311220463416,150.72542342509757,Low,Low Quality Less Expensive
3227,Fallon,21980.0,2,3,18.642542,55.927626,Low,Low Quality Less Expensive
3230,Falls Church,47900.0,2,51,22.273055,1135.9258049999999,Low,Low Quality Expensive
3240,Far North Hamilton Cnty,26900.0,2,25,16.354976,408.87440000000004,Low,Low Quality Less Expensive
3243,Far Northeast,12420.0,2,14,31.487144,440.820016,Low,Low Quality Expensive
3246,Far Northeast Heights,10740.0,2,86,16.860623,1450.013578,Low,Low Quality Less Expensive
3249,Far Northwest,12420.0,2,49,32.523649,1593.658801,Low,Low Quality Expensive
3253,Far Northwest,16980.0,2,152,15.978161,2428.680472,Low,Low Quality Less Expensive
3267,Far South Johnson Cty,26900.0,2,16,15.601627,249.626032,Low,Low Quality Less Expensive
3274,Far West End,40060.0,2,21,17.37029,364.77609,Low,Low Quality Less Expensive
3281,Faribault-Northfield,22060.0,2,14,19.1177491617562,267.64848826458683,Low,Low Quality Less Expensive
3283,Farmersvle/Exeter/Lindsay,47300.0,2,1,15.391059,15.391059,Low,Low Quality Less Expensive
3287,Farmington,22140.0,2,17,16.735952771891107,284.5111971221488,Low,Low Quality Less Expensive
3289,Farmington,25540.0,2,29,21.539113,624.634277,Low,Low Quality Expensive
3296,Faulkner County,30780.0,2,44,14.16123,623.09412,Low,Low Quality Less Expensive
3299,Fauquier County/Vint Hill,47900.0,2,39,22.87978,892.31142,Low,Low Quality Expensive
3304,Fayette County,38300.0,2,22,14.233537,313.137814,Low,Low Quality Less Expensive
3307,Fayette/Coweta County,12060.0,2,162,17.417445,2821.62609,Low,Low Quality Less Expensive
3310,Fayetteville,22180.0,2,1,19.897889716458423,19.897889716458423,Low,Low Quality Less Expensive
3315,Federal Way/Auburn,42660.0,2,60,24.929898,1495.7938800000002,Low,Low Quality Expensive
3318,Fenton,41180.0,2,14,19.114909,267.608726,Low,Low Quality Less Expensive
3321,Fergus Falls,22260.0,2,8,16.72990603706176,133.83924829649408,Low,Low Quality Less Expensive
3323,Ferry Pass/N Pensacola,37860.0,2,57,18.370616,1047.125112,Low,Low Quality Less Expensive
3338,Findlay,22300.0,2,2,14.472670970011812,28.945341940023624,Low,Low Quality Less Expensive
3346,Fitchburg/Leominster,49340.0,2,21,15.59537,327.50277,Low,Low Quality Less Expensive
3348,Fitzgerald,22340.0,2,1,12.88869597915392,12.88869597915392,Low,Low Quality Less Expensive
3353,Flagstaff,22380.0,2,16,25.058083643043627,400.92933828869803,Low,Low Quality Expensive
3356,Flint,22420.0,2,127,15.395317,1955.205259,Low,Low Quality Less Expensive
3360,Florence,22500.0,2,66,13.730588102027118,906.2188147337898,Low,Low Quality Less Expensive
3363,Florence-Muscle Shoals,22520.0,2,18,16.535104286707217,297.6318771607299,Low,Low Quality Less Expensive
3366,Florida/Airline,12940.0,2,78,15.215422,1186.802916,Low,Low Quality Less Expensive
3368,Flour Bluff/Padre Island,18580.0,2,3,16.23891,48.71673,Low,Low Quality Less Expensive
3373,Fond du Lac,22540.0,2,12,13.921632,167.059584,Low,Low Quality Less Expensive
3381,Forest Acres,17900.0,2,27,17.835085,481.54729499999996,Low,Low Quality Less Expensive
3384,Forest City,22580.0,2,16,14.889007974643551,238.22412759429682,Low,Low Quality Less Expensive
3387,Forest Park/West,17140.0,2,87,14.84344,1291.3792799999999,Low,Low Quality Less Expensive
3389,Forrest City,22620.0,2,7,15.41697326360397,107.91881284522779,Low,Low Quality Less Expensive
3390,Fort Collins,22660.0,2,2,22.080437631298963,44.160875262597926,Low,Low Quality Expensive
3394,Fort Collins/Loveland,22660.0,2,165,20.938016,3454.77264,Low,Low Quality Expensive
3397,Fort Dodge,22700.0,2,4,13.999364080228839,55.997456320915354,Low,Low Quality Less Expensive
3399,Fort Hill MF,31340.0,2,2,13.81374049079689,27.62748098159378,Low,Low Quality Less Expensive
3401,Fort Lauderdale,22744.0,2,153,23.587873,3608.944569,Low,Low Quality Expensive
3405,Fort Lauderdale-Pompano Beach-Deerfield Beach,22744.0,2,54,24.133752277318457,1303.2226229751966,Low,Low Quality Expensive
3408,Fort Leonard Wood,22780.0,2,1,15.907507920000002,15.907507920000002,Low,Low Quality Less Expensive
3410,Fort Morgan,22820.0,2,3,20.142443084572093,60.42732925371628,Low,Low Quality Expensive
3411,Fort Payne,22840.0,2,9,15.149648513952984,136.34683662557686,Low,Low Quality Less Expensive
3413,Fort Pierce,38940.0,2,24,16.287733,390.90559199999996,Low,Low Quality Less Expensive
3416,Fort Polk South,22860.0,1,2,17.349820476253836,34.69964095250767,Low,Low Quality Less Expensive
3421,Fort Wayne,23060.0,2,7,14.772736007716674,103.40915205401672,Low,Low Quality Less Expensive
3428,Fountain Valley,11244.0,2,20,23.641065,472.8213,Low,Low Quality Expensive
3431,Fowler/Selma,23420.0,2,3,16.118779,48.356336999999996,Low,Low Quality Less Expensive
3433,Fox Hill,47260.0,2,5,15.210392,76.05196000000001,Low,Low Quality Less Expensive
3436,Framingham/Natick,14460.0,2,90,17.465985,1571.93865,Low,Low Quality Less Expensive
3439,Frankfort,23140.0,2,2,15.704744927196213,31.409489854392426,Low,Low Quality Less Expensive
3441,Frankfort,23180.0,2,38,12.898899035208292,490.1581633379151,Low,Low Quality Less Expensive
3445,Franklin County,24640.0,2,6,15.878987,95.273922,Low,Low Quality Less Expensive
3448,Franklin County,39580.0,2,11,19.703172,216.73489199999997,Low,Low Quality Less Expensive
3451,Franklin County,41180.0,2,23,15.826654,364.013042,Low,Low Quality Less Expensive
3454,Frederick,47900.0,2,100,22.215453,2221.5453,Low,Low Quality Expensive
3458,Frederick County,49020.0,2,15,16.171486,242.57229,Low,Low Quality Less Expensive
3461,Fredericksburg,23240.0,2,11,17.92191598914396,197.14107588058357,Low,Low Quality Less Expensive
3463,Fredericksburg City,47900.0,2,57,21.822204,1243.865628,Low,Low Quality Expensive
3466,Freeport,23300.0,2,3,15.00979667901095,45.029390037032854,Low,Low Quality Less Expensive
3468,Freight House District,28140.0,2,31,19.546983,605.9564730000001,Low,Low Quality Less Expensive
3472,Fremont,23340.0,2,11,13.48795370614035,148.36749076754387,Low,Low Quality Less Expensive
3474,Fremont,23380.0,2,1,14.17690510453903,14.17690510453903,Low,Low Quality Less Expensive
3476,Fremont,36084.0,2,49,31.745644,1555.536556,Low,Low Quality Expensive
3479,Fresno,23420.0,2,17,23.875368586467147,405.8812659699415,Low,Low Quality Expensive
3489,Ft Wash/Spring House,37980.0,2,35,20.539702,718.8895699999999,Low,Low Quality Expensive
3497,Fullerton,11244.0,2,55,25.307423,1391.908265,Low,Low Quality Expensive
3499,Fulton County,24100.0,2,2,18.219478,36.438956,Low,Low Quality Less Expensive
3500,Fulton County,45780.0,1,4,14.341576,57.366304,Low,Low Quality Less Expensive
3505,Fultondale,13820.0,2,13,16.720112,217.361456,Low,Low Quality Less Expensive
3509,GW Bridge,35614.0,2,95,25.456047,2418.324465,Low,Low Quality Expensive
3512,Gadsden,23460.0,2,4,14.324780772729172,57.29912309091669,Low,Low Quality Less Expensive
3517,Gainesville,23540.0,2,22,19.548847949997878,430.0746548999533,Low,Low Quality Less Expensive
3520,Gainesville,23580.0,2,3,18.977982693648006,56.93394808094402,Low,Low Quality Less Expensive
3523,Gainesville,23620.0,2,3,18.1298620595107,54.3895861785321,Low,Low Quality Less Expensive
3526,Gainesville/Hall County,23580.0,2,85,14.969791,1272.432235,Low,Low Quality Less Expensive
3534,Galesburg,23660.0,2,8,14.754222974358612,118.0337837948689,Low,Low Quality Less Expensive
3544,Garden City,23780.0,2,6,15.292973428042131,91.75784056825279,Low,Low Quality Less Expensive
3547,Garden Grove,11244.0,2,54,22.741176,1228.023504,Low,Low Quality Expensive
3551,Garland,19100.0,2,52,20.053732,1042.794064,Low,Low Quality Expensive
3554,Gaston County,16740.0,2,100,14.657283,1465.7283,Low,Low Quality Less Expensive
3558,Gateway,38900.0,2,27,23.036563,621.987201,Low,Low Quality Expensive
3560,Gateway,45300.0,2,61,18.845004,1149.545244,Low,Low Quality Less Expensive
3567,Geauga County,17460.0,2,26,15.877761,412.821786,Low,Low Quality Less Expensive
3570,Gem County,14260.0,2,3,14.690868,44.072604,Low,Low Quality Less Expensive
3571,Gentilly/St Claude,35380.0,2,4,17.644772,70.579088,Low,Low Quality Less Expensive
3574,Georgetown,12420.0,2,48,30.401569,1459.275312,Low,Low Quality Expensive
3578,Georgetown,23860.0,2,38,21.1681228198797,804.3886671554285,Low,Low Quality Expensive
3584,Georgia Northeast HOS,18460.0,2,5,14.249674682251664,71.24837341125831,Low,Low Quality Less Expensive
3586,Georgia Northeast HOS,45740.0,2,1,16.9725362688,16.9725362688,Low,Low Quality Less Expensive
3593,Gig Harbor/W Pierce Co,42660.0,2,32,24.421485,781.48752,Low,Low Quality Expensive
3596,Gillette,23940.0,2,4,15.882290459628218,63.52916183851287,Low,Low Quality Less Expensive
3599,Gilroy,41940.0,2,20,31.457208,629.14416,Low,Low Quality Expensive
3602,Glasgow,23980.0,2,2,16.523554605724183,33.047109211448365,Low,Low Quality Less Expensive
3604,Glastonbury,25540.0,2,30,20.282192,608.4657599999999,Low,Low Quality Expensive
3612,Glendale,31084.0,2,134,31.363615,4202.72441,Low,Low Quality Expensive
3619,Glens Falls,24020.0,2,3,16.142347072346773,48.42704121704032,Low,Low Quality Less Expensive
3632,Gloucester,47260.0,2,9,14.718416,132.465744,Low,Low Quality Less Expensive
3635,Gloucester County,37980.0,2,68,18.721814,1273.0833519999999,Low,Low Quality Less Expensive
3646,Goldsboro,24140.0,2,39,15.517004392586733,605.1631713108826,Low,Low Quality Less Expensive
3649,Gonzalez/SW Santa Rosa,37860.0,2,9,17.317671,155.859039,Low,Low Quality Less Expensive
3651,Goochland,40060.0,2,8,18.287898,146.303184,Low,Low Quality Less Expensive
3656,Grady County,36420.0,2,7,14.845933,103.921531,Low,Low Quality Less Expensive
3667,Grand Forks,24220.0,2,12,17.912682038771507,214.95218446525809,Low,Low Quality Less Expensive
3670,Grand Haven/Ferrysburg,24340.0,2,30,17.090197,512.70591,Low,Low Quality Less Expensive
3672,Grand Island,24260.0,2,9,16.39422370339839,147.5480133305855,Low,Low Quality Less Expensive
3682,Grand Rapids,24330.0,2,3,18.61404488206274,55.842134646188214,Low,Low Quality Less Expensive
3685,Grand Rapids-Wyoming,24340.0,2,32,13.803944226752655,441.72621525608497,Low,Low Quality Less Expensive
3687,Grandview/Sunnyside,49420.0,2,1,18.043108,18.043108,Low,Low Quality Less Expensive
3689,Grandview/Upper Arlington,18140.0,2,65,17.569508,1142.01802,Low,Low Quality Less Expensive
3692,Grant County,17140.0,2,3,14.408467,43.225401,Low,Low Quality Less Expensive
3694,Grant County,30780.0,2,2,16.019314,32.038628,Low,Low Quality Less Expensive
3695,Grants,24380.0,2,3,16.443161240156474,49.329483720469426,Low,Low Quality Less Expensive
3699,Great Bend,24460.0,2,3,14.98388790248905,44.95166370746715,Low,Low Quality Less Expensive
3700,Great Falls,24500.0,2,9,13.973899973620767,125.76509976258691,Low,Low Quality Less Expensive
3703,Great Falls,47900.0,2,9,29.920048,269.280432,Low,Low Quality Expensive
3706,Greater Albany,10580.0,2,24,13.996377,335.913048,Low,Low Quality Less Expensive
3709,Greater Ashland,26580.0,2,2,14.491114,28.982228,Low,Low Quality Less Expensive
3711,Greater Baton Rouge N,12940.0,2,7,15.124023,105.868161,Low,Low Quality Less Expensive
3714,Greater Brownsville,15180.0,2,23,18.627686,428.436778,Low,Low Quality Less Expensive
3718,Greater Buffalo,15380.0,2,14,13.801479,193.220706,Low,Low Quality Less Expensive
3722,Greater CBD,17820.0,2,53,18.161644,962.5671319999999,Low,Low Quality Less Expensive
3725,Greater Charleston,16620.0,2,27,15.651301,422.585127,Low,Low Quality Less Expensive
3729,Greater Columbus,17980.0,2,85,16.793779,1427.471215,Low,Low Quality Less Expensive
3732,Greater Davenport,19340.0,2,25,15.925688,398.1422,Low,Low Quality Less Expensive
3736,Greater Downtown,38300.0,2,76,18.694833,1420.807308,Low,Low Quality Less Expensive
3740,Greater Erie,21500.0,2,15,13.674048,205.11072000000001,Low,Low Quality Less Expensive
3743,Greater Fayetteville,22220.0,2,47,19.253562,904.9174139999999,Low,Low Quality Less Expensive
3747,Greater Ft Smith,22900.0,2,23,14.088094,324.026162,Low,Low Quality Less Expensive
3750,Greater Harlingen,15180.0,2,20,18.747814,374.95628000000005,Low,Low Quality Less Expensive
3752,Greater Huntington,26580.0,2,3,14.592647,43.777941,Low,Low Quality Less Expensive
3759,Greater Lafayette,29180.0,2,83,16.073492,1334.099836,Low,Low Quality Less Expensive
3763,Greater McAllen,32580.0,2,53,17.64686,935.28358,Low,Low Quality Less Expensive
3766,Greater Moline,19340.0,2,13,13.080372,170.044836,Low,Low Quality Less Expensive
3773,Greater Ocala,36100.0,2,66,17.672973,1166.4162179999998,Low,Low Quality Less Expensive
3776,Greater Rochester,40380.0,2,33,14.284585,471.391305,Low,Low Quality Less Expensive
3779,Greater Rock Island,19340.0,2,13,14.142433,183.851629,Low,Low Quality Less Expensive
3782,Greater Rome,46540.0,2,5,14.530372,72.65186,Low,Low Quality Less Expensive
3785,Greater Santa Cruz,42100.0,2,31,24.134097,748.157007,Low,Low Quality Expensive
3788,Greater Savannah,42340.0,2,92,18.10241,1665.4217199999998,Low,Low Quality Less Expensive
3791,Greater Schenectady,10580.0,2,10,14.680414,146.80414000000002,Low,Low Quality Less Expensive
3797,Greater Springdale,22220.0,2,35,16.356681,572.4838349999999,Low,Low Quality Less Expensive
3800,Greater Syracuse,45060.0,2,26,16.786151,436.439926,Low,Low Quality Less Expensive
3803,Greater Troy,10580.0,2,1,15.335198,15.335198,Low,Low Quality Less Expensive
3805,Greater Upper Marlboro,47900.0,2,13,22.975688,298.683944,Low,Low Quality Expensive
3808,Greater Yakima,49420.0,2,43,18.892814,812.3910020000001,Low,Low Quality Less Expensive
3814,Green Bay,24580.0,2,52,13.208114,686.821928,Low,Low Quality Less Expensive
3818,Green Hills/Music Row,34980.0,2,58,27.12362,1573.16996,Low,Low Quality Expensive
3821,Green Valley/South Tucson,46060.0,2,7,21.539504,150.776528,Low,Low Quality Expensive
3830,Greeneville,24620.0,2,11,13.960180169862872,153.56198186849159,Low,Low Quality Less Expensive
3833,Greensboro CBD,24660.0,2,29,16.20667,469.99343,Low,Low Quality Less Expensive
3837,Greensboro-High Point,24660.0,2,13,14.628762971857348,190.17391863414554,Low,Low Quality Less Expensive
3840,Greensburg,24700.0,2,6,13.613995547247937,81.68397328348762,Low,Low Quality Less Expensive
3856,Greenville CBD,24860.0,2,20,21.293545,425.8709,Low,Low Quality Expensive
3864,Greenway Plaza,26420.0,2,33,24.359112,803.850696,Low,Low Quality Expensive
3869,Greenwich,14860.0,2,67,48.014122,3216.946174,Low,Low Quality Expensive
3876,Greenwood,24940.0,2,16,16.122554469190845,257.9608715070535,Low,Low Quality Less Expensive
3879,Greenwood,26900.0,2,38,16.899064,642.1644319999999,Low,Low Quality Less Expensive
3887,Greer/Taylors,24860.0,2,30,16.038369,481.15107,Low,Low Quality Less Expensive
3889,Grenada,24980.0,2,1,11.950051046399999,11.950051046399999,Low,Low Quality Less Expensive
3891,Gresham,38900.0,2,21,19.892859,417.750039,Low,Low Quality Less Expensive
3894,Groton/Townsend,14460.0,2,12,20.5905,247.08599999999998,Low,Low Quality Expensive
3896,Grundy County,16980.0,2,9,19.4471,175.0239,Low,Low Quality Less Expensive
3899,Guadalupe County,41700.0,2,16,20.153533,322.456528,Low,Low Quality Expensive
3901,Guilds Lake,38900.0,2,6,25.499891,152.999346,Low,Low Quality Expensive
3903,Guilford,35300.0,2,26,18.298888,475.771088,Low,Low Quality Less Expensive
3908,Gulf Freeway/Pasadena,26420.0,2,81,20.319958,1645.916598,Low,Low Quality Expensive
3911,Gulfport-Biloxi-Pascagoula,25060.0,2,141,14.994074272892478,2114.1644724778394,Low,Low Quality Less Expensive
3915,HEB/Mid-Cities,19100.0,2,150,20.215057,3032.2585500000005,Low,Low Quality Expensive
3919,Hackensack,35614.0,2,50,21.655375,1082.76875,Low,Low Quality Expensive
3922,Hagerstown-Martinsburg,25180.0,2,4,19.64050593071255,78.5620237228502,Low,Low Quality Less Expensive
3923,Hailey,25200.0,2,4,22.390752580664174,89.5630103226567,Low,Low Quality Expensive
3926,Hallandale,22744.0,2,19,26.527928,504.03063199999997,Low,Low Quality Expensive
3930,Hamden,35300.0,2,19,17.987992,341.771848,Low,Low Quality Less Expensive
3933,Hammond,25220.0,2,31,15.399725382570626,477.3914868596894,Low,Low Quality Less Expensive
3936,Hampden County,44140.0,2,84,16.699939,1402.794876,Low,Low Quality Less Expensive
3941,Hampshire County,44140.0,2,41,19.075234,782.0845939999999,Low,Low Quality Less Expensive
3948,Hancock County,22300.0,2,16,13.813099,221.009584,Low,Low Quality Less Expensive
3950,Hancock County,26900.0,2,18,16.607143,298.928574,Low,Low Quality Less Expensive
3952,Hanford-Corcoran,25260.0,2,2,24.79473518481027,49.58947036962054,Low,Low Quality Expensive
3954,Hanford/Armona,25260.0,2,7,16.687834,116.814838,Low,Low Quality Less Expensive
3956,Hannibal,25300.0,2,1,27.482799688170363,27.482799688170363,Low,Low Quality Expensive
3958,Haralson County,12060.0,2,3,18.206412,54.619236,Low,Low Quality Less Expensive
3962,Hardin County,13140.0,2,4,17.393878,69.575512,Low,Low Quality Less Expensive
3967,Harrisburg Area East,25420.0,2,149,15.538973,2315.306977,Low,Low Quality Less Expensive
3971,Harrisburg Area West,25420.0,2,121,15.437826,1867.976946,Low,Low Quality Less Expensive
3975,Harrisburg-Carlisle,25420.0,2,16,17.340509999121487,277.4481599859438,Low,Low Quality Less Expensive
3979,Harrison,25460.0,2,7,14.233173904696814,99.6322173328777,Low,Low Quality Less Expensive
3981,Harrison County,31140.0,2,2,15.357739,30.715478,Low,Low Quality Less Expensive
3984,Harrisonburg,25500.0,2,24,16.755106586589257,402.12255807814216,Low,Low Quality Less Expensive
3987,Hartford,25540.0,2,48,19.201303,921.662544,Low,Low Quality Less Expensive
3994,Hattiesburg,25620.0,2,42,13.764783879273251,578.1209229294766,Low,Low Quality Less Expensive
3997,Hawkins County,28700.0,2,4,14.398921,57.595684,Low,Low Quality Less Expensive
4000,Hawthorne/Gardena,31084.0,2,40,26.266598,1050.66392,Low,Low Quality Expensive
4004,Hayden Island/Swan Island,38900.0,2,7,21.302048,149.11433599999998,Low,Low Quality Expensive
4006,Haygood/Bayside,47260.0,2,24,16.510896,396.26150399999995,Low,Low Quality Less Expensive
4009,Hays,25700.0,2,5,16.244427442980196,81.22213721490098,Low,Low Quality Less Expensive
4011,Hays County,12420.0,2,56,28.808953,1613.301368,Low,Low Quality Expensive
4015,Hayward/Castro Valley,36084.0,2,61,27.19712,1659.0243200000002,Low,Low Quality Expensive
4018,Haywood County,11700.0,2,18,20.299873,365.397714,Low,Low Quality Expensive
4021,Hazel Dell/Salmon Creek,38900.0,2,17,22.458983,381.802711,Low,Low Quality Expensive
4024,Healdsburg/Cloverdale/N.,42220.0,2,33,23.919779,789.3527069999999,Low,Low Quality Expensive
4028,Heber,25720.0,2,9,19.39373201561234,174.54358814051105,Low,Low Quality Less Expensive
4031,Helena,25740.0,2,29,17.98502886452655,521.56583707127,Low,Low Quality Less Expensive
4034,Helena-West Helena,25760.0,2,4,15.44275175813516,61.77100703254064,Low,Low Quality Less Expensive
4036,Henderson,25780.0,2,11,15.664514368994631,172.30965805894095,Low,Low Quality Less Expensive
4039,Henderson County,11700.0,2,36,20.109967,723.9588120000001,Low,Low Quality Expensive
4042,Henderson County,11980.0,2,8,14.76802,118.14416,Low,Low Quality Less Expensive
4048,Hendricks County,26900.0,2,47,15.998591,751.933777,Low,Low Quality Less Expensive
4052,Hennepin County Outlying,33460.0,2,13,20.024074,260.31296199999997,Low,Low Quality Expensive
4054,Henry County,19340.0,2,1,18.745949,18.745949,Low,Low Quality Less Expensive
4055,Henry County,31140.0,2,1,15.391768,15.391768,Low,Low Quality Less Expensive
4056,Henry County,35220.0,2,10,13.139741,131.39741,Low,Low Quality Less Expensive
4058,Hereford,25820.0,2,2,17.310007056432124,34.62001411286425,Low,Low Quality Less Expensive
4059,Herkimer County,46540.0,2,5,12.150726,60.75363,Low,Low Quality Less Expensive
4061,Hermiston-Pendleton,25840.0,2,6,18.57942320398521,111.47653922391126,Low,Low Quality Less Expensive
4062,Hermitage,49660.0,2,11,14.436397,158.800367,Low,Low Quality Less Expensive
4065,Hernando County,45300.0,2,29,16.747206,485.66897399999993,Low,Low Quality Less Expensive
4072,Hialeah,33124.0,2,34,28.871532,981.632088,Low,Low Quality Expensive
4074,Hickman County,34980.0,2,2,22.569878,45.139756,Low,Low Quality Expensive
4079,High Point/SW Guilford Cty,24660.0,2,58,15.777603,915.100974,Low,Low Quality Less Expensive
4089,Hilliard,18140.0,2,28,16.387064,458.837792,Low,Low Quality Less Expensive
4093,Hillsborough,31700.0,2,124,15.464648,1917.616352,Low,Low Quality Less Expensive
4097,Hillsdale,25880.0,2,4,13.128338686394098,52.51335474557639,Low,Low Quality Less Expensive
4098,Hilltop/Great Neck,47260.0,2,17,20.632662,350.755254,Low,Low Quality Expensive
4100,Hilo,25900.0,2,1,24.534547438187445,24.534547438187445,Low,Low Quality Expensive
4106,Hilton Head Island-Bluffton-Beaufort,25940.0,2,86,19.953703851990845,1716.0185312712126,Low,Low Quality Less Expensive
4109,Hobbs,26020.0,2,2,17.435340659647483,34.87068131929497,Low,Low Quality Less Expensive
4110,Hoke County,22180.0,2,2,18.219587,36.439174,Low,Low Quality Less Expensive
4112,Holland East,24340.0,2,12,15.415436,184.985232,Low,Low Quality Less Expensive
4117,Holland West,24340.0,2,30,16.022151,480.66453,Low,Low Quality Less Expensive
4120,Hollywood,22744.0,2,113,24.236399,2738.7130869999996,Low,Low Quality Expensive
4124,Hollywood,31084.0,2,89,45.339142,4035.1836380000004,Low,Low Quality Expensive
4128,Homosassa Springs,26140.0,2,25,17.760165435393127,444.00413588482814,Low,Low Quality Less Expensive
4130,Honolulu,46520.0,2,9,35.656856,320.911704,Low,Low Quality Expensive
4133,Hood County,19100.0,2,13,22.731126,295.504638,Low,Low Quality Expensive
4136,Hood River,26220.0,2,2,17.95255558884372,35.90511117768744,Low,Low Quality Less Expensive
4142,Hope,26260.0,2,6,15.388973685837144,92.33384211502286,Low,Low Quality Less Expensive
4144,Hopkinton/Holliston,14460.0,2,14,19.723853,276.133942,Low,Low Quality Less Expensive
4146,Horizon,21340.0,2,3,18.888893,56.666679,Low,Low Quality Less Expensive
4152,Hospital Hill MF,22380.0,2,5,25.092941216205567,125.46470608102783,Low,Low Quality Expensive
4154,Hospital/Independence,48900.0,2,25,19.325815,483.14537499999994,Low,Low Quality Less Expensive
4157,Hot Springs,26300.0,2,18,12.943459573925368,232.98227233065663,Low,Low Quality Less Expensive
4161,Houma-Thibodaux,26380.0,2,29,17.780904624737595,515.6462341173902,Low,Low Quality Less Expensive
4167,Howard,24580.0,2,9,15.273804,137.464236,Low,Low Quality Less Expensive
4170,Howe Ave/Fulton Ave/Watt Ave,40900.0,2,80,19.983192,1598.65536,Low,Low Quality Less Expensive
4178,Hudson Waterfront,35614.0,2,85,35.465965,3014.607025,Low,Low Quality Expensive
4183,Hughson/Oakdale/Waterford,33700.0,2,7,17.893697,125.255879,Low,Low Quality Less Expensive
4186,Hull Street Corridor,40060.0,2,28,15.636448,437.820544,Low,Low Quality Less Expensive
4189,Hunt County,19100.0,2,22,21.339513,469.469286,Low,Low Quality Expensive
4192,Hunterdon,35084.0,2,40,20.299104,811.96416,Low,Low Quality Expensive
4194,Huntingdon,26500.0,2,6,18.42443195246491,110.54659171478946,Low,Low Quality Less Expensive
4195,Huntington,26540.0,2,4,16.265144428711288,65.06057771484515,Low,Low Quality Less Expensive
4197,Huntington Beach,11244.0,2,49,25.958678,1271.975222,Low,Low Quality Expensive
4201,Huntington-Ashland,26580.0,2,3,36.051812781177006,108.15543834353102,Low,Low Quality Expensive
4204,Huntington/Mt Vernon,47900.0,2,19,24.969639,474.423141,Low,Low Quality Expensive
4207,Huntsville,26620.0,2,7,21.275364443187637,148.92755110231346,Low,Low Quality Expensive
4210,Huntsville,26660.0,2,6,22.674386751547157,136.04632050928294,Low,Low Quality Expensive
4212,Huron,26700.0,2,2,15.410196179749363,30.820392359498726,Low,Low Quality Less Expensive
4215,Huron County,35940.0,2,11,15.414452,169.558972,Low,Low Quality Less Expensive
4218,Hurstbourne/Lyndon,31140.0,2,46,15.617795,718.4185699999999,Low,Low Quality Less Expensive
4222,Hutchinson,26740.0,2,6,13.694241978197006,82.16545186918204,Low,Low Quality Less Expensive
4225,Hutchinson,26780.0,2,5,15.189633204965604,75.94816602482803,Low,Low Quality Less Expensive
4230,Hwy 280/Shelby County,13820.0,2,38,17.738053,674.046014,Low,Low Quality Less Expensive
4234,I-10 East,26420.0,2,12,22.383899,268.606788,Low,Low Quality Expensive
4237,I-20 East/Conyers,12060.0,2,102,19.422073,1981.0514460000002,Low,Low Quality Less Expensive
4241,I-270 Corridor North,47900.0,2,4,23.456624,93.826496,Low,Low Quality Expensive
4243,I-270/Maryland Heights,41180.0,2,29,18.073888,524.142752,Low,Low Quality Less Expensive
4250,I-279/I-79 Northwest,38300.0,2,24,15.52713,372.65112,Low,Low Quality Less Expensive
4254,I-29 Corridor,28140.0,2,32,15.894735,508.63152,Low,Low Quality Less Expensive
4258,I-35 Corridor,28140.0,2,116,15.636493,1813.833188,Low,Low Quality Less Expensive
4262,I-39 Corr/LaSalle County,36860.0,2,21,13.621072,286.042512,Low,Low Quality Less Expensive
4265,I-39 Corr/Winnebago Cnty,40420.0,2,52,13.757122,715.370344,Low,Low Quality Less Expensive
4267,I-39 Corridor/Lee County,19940.0,2,2,15.570603,31.141206,Low,Low Quality Less Expensive
4268,I-39 Corridor/Ogle County,40300.0,2,5,14.830436,74.15218,Low,Low Quality Less Expensive
4283,I-65 Corr/S Shelby County,13820.0,2,71,15.963108,1133.380668,Low,Low Quality Less Expensive
4286,I-81 Corridor,42540.0,2,80,13.734121,1098.72968,Low,Low Quality Less Expensive
4289,I-90 Corridor,42660.0,2,18,36.928579,664.714422,Low,Low Quality Expensive
4293,I-95 Corridor South,14460.0,2,60,20.514019,1230.84114,Low,Low Quality Expensive
4296,I-95 North/Ashland,40060.0,2,10,15.928018,159.28018,Low,Low Quality Less Expensive
4298,I-95 North/Chamberlayne,40060.0,2,9,16.567553,149.107977,Low,Low Quality Less Expensive
4309,Illinois,41180.0,2,223,15.675196,3495.568708,Low,Low Quality Less Expensive
4313,Incline Village,39900.0,2,10,25.188829,251.88828999999998,Low,Low Quality Expensive
4315,Independence Hall,37980.0,2,16,25.331841,405.309456,Low,Low Quality Expensive
4319,Indiana,16980.0,2,122,17.251745,2104.71289,Low,Low Quality Less Expensive
4322,Indiana,26860.0,2,16,16.74361376733291,267.89782027732656,Low,Low Quality Less Expensive
4325,Indianapolis-Carmel-Anderson,26900.0,2,77,21.253754805153918,1636.5391199968517,Low,Low Quality Expensive
4329,Inglewood/South LA,31084.0,2,45,35.141771,1581.3796949999999,Low,Low Quality Expensive
4332,Innovation District MF,23540.0,2,7,19.17560576956132,134.22924038692923,Low,Low Quality Less Expensive
4341,Interchange,41620.0,2,17,16.163655,274.782135,Low,Low Quality Less Expensive
4347,Ionia County,26960.0,2,6,23.801511,142.809066,Low,Low Quality Expensive
4352,Iowa County,31540.0,1,1,17.235802,17.235802,Low,Low Quality Less Expensive
4358,Iron Bridge Corridor,40060.0,2,36,16.32361,587.64996,Low,Low Quality Less Expensive
4360,Iron Mountain,27020.0,2,3,14.323005483420495,42.969016450261485,Low,Low Quality Less Expensive
4369,Isanti County,33460.0,2,10,17.107858,171.07858,Low,Low Quality Less Expensive
4371,Isle Of Wight,47260.0,2,4,17.595057,70.380228,Low,Low Quality Less Expensive
4373,Ithaca,27060.0,2,4,22.820070831175112,91.28028332470045,Low,Low Quality Expensive
4377,Jackson,27100.0,2,4,16.196981869313287,64.78792747725315,Low,Low Quality Less Expensive
4378,Jackson,27140.0,2,14,16.856338377986546,235.98873729181165,Low,Low Quality Less Expensive
4381,Jackson,27160.0,2,3,17.192304288722084,51.57691286616625,Low,Low Quality Less Expensive
4384,Jackson,27180.0,2,43,16.15437866331702,694.6382825226318,Low,Low Quality Less Expensive
4387,Jackson,27220.0,2,7,23.78334063523167,166.4833844466217,Low,Low Quality Expensive
4389,Jackson County,27100.0,2,34,15.57438,529.52892,Low,Low Quality Less Expensive
4393,Jackson County,27600.0,2,7,19.832531,138.827717,Low,Low Quality Less Expensive
4395,Jackson Square,41884.0,2,54,58.106091,3137.728914,Low,Low Quality Expensive
4401,Jacksonville,27300.0,2,2,16.040468569268164,32.08093713853633,Low,Low Quality Less Expensive
4404,Jacksonville,27340.0,2,41,17.05432005207362,699.2271221350185,Low,Low Quality Less Expensive
4407,Jacksonville,27380.0,2,4,16.676177295530223,66.7047091821209,Low,Low Quality Less Expensive
4409,James Island/Folly Beach,16700.0,2,15,26.386659,395.799885,Low,Low Quality Expensive
4414,Jamestown-Dunkirk-Fredonia,27460.0,2,15,14.905740310703948,223.58610466055922,Low,Low Quality Less Expensive
4418,Jasper,27540.0,2,5,16.78292394211692,83.9146197105846,Low,Low Quality Less Expensive
4419,Jasper County,16980.0,2,2,21.813199,43.626398,Low,Low Quality Expensive
4422,Jefferson,35380.0,2,1,17.235699,17.235699,Low,Low Quality Less Expensive
4424,Jefferson City,27620.0,2,54,13.362259760331177,721.5620270578836,Low,Low Quality Less Expensive
4427,Jefferson County,41180.0,2,45,15.486858,696.90861,Low,Low Quality Less Expensive
4432,Jefferson County,47900.0,2,5,24.793978,123.96988999999999,Low,Low Quality Expensive
4435,Jefferson County,48060.0,2,4,18.828704,75.314816,Low,Low Quality Less Expensive
4437,Jefferson MF,22020.0,2,3,13.152105736519234,39.4563172095577,Low,Low Quality Less Expensive
4438,Jefferson North,48020.0,2,3,15.119217,45.357651000000004,Low,Low Quality Less Expensive
4441,Jefferson South,48020.0,2,7,14.785093,103.495651,Low,Low Quality Less Expensive
4445,Jersey County,41180.0,1,2,14.998781,29.997562,Low,Low Quality Less Expensive
4448,Jessamine County,30460.0,2,7,16.374169,114.61918299999999,Low,Low Quality Less Expensive
4451,Jesup,27700.0,2,6,14.37585375315803,86.25512251894818,Low,Low Quality Less Expensive
4453,Jetplex/Madison,26620.0,2,18,14.326416,257.875488,Low,Low Quality Less Expensive
4457,Johns Landing,38900.0,2,23,25.977164,597.4747719999999,Low,Low Quality Expensive
4461,Johnson City,27740.0,2,22,14.040255210439584,308.88561462967084,Low,Low Quality Less Expensive
4464,Johnson County,19100.0,2,25,23.49529,587.38225,Low,Low Quality Expensive
4466,Johnson County MO,47660.0,2,3,15.307813,45.923439,Low,Low Quality Less Expensive
4469,Johnston,39300.0,2,6,19.501801,117.010806,Low,Low Quality Less Expensive
4471,Johnston County,39580.0,2,60,18.813309,1128.79854,Low,Low Quality Less Expensive
4475,Johnstown,27780.0,2,23,14.60604747668337,335.93909196371754,Low,Low Quality Less Expensive
4479,Joliet/Central Will,16980.0,2,136,19.375096,2635.013056,Low,Low Quality Less Expensive
4482,Jonesboro,27860.0,2,25,15.363028694278508,384.0757173569627,Low,Low Quality Less Expensive
4486,Joplin,27900.0,2,31,18.067836764313956,560.1029396937327,Low,Low Quality Less Expensive
4488,Junction City,27920.0,1,4,17.125693768047128,68.50277507218851,Low,Low Quality Less Expensive
4491,Juneau,27940.0,2,3,24.51318010979618,73.53954032938854,Low,Low Quality Expensive
4497,Kabrich Crescent MF,13980.0,2,4,16.141325881909538,64.56530352763815,Low,Low Quality Less Expensive
4499,Kailua-Kona,25900.0,2,11,26.854868,295.403548,Low,Low Quality Expensive
4503,Kalihi,46520.0,2,6,31.090862,186.545172,Low,Low Quality Expensive
4508,Kankakee,28100.0,2,14,15.70348174530478,219.8487444342669,Low,Low Quality Less Expensive
4511,Kansas City,28140.0,2,90,19.064107830833795,1715.7697047750414,Low,Low Quality Less Expensive
4515,Kansas City KS,28140.0,2,37,17.589523,650.812351,Low,Low Quality Less Expensive
4518,Kansas City MO,28140.0,2,17,15.853456,269.508752,Low,Low Quality Less Expensive
4520,Kapiolani,46520.0,2,37,36.419609,1347.525533,Low,Low Quality Expensive
4534,Kauai,28180.0,2,14,32.966976,461.53766400000006,Low,Low Quality Expensive
4536,Kearney,28260.0,2,10,15.570357608210433,155.70357608210432,Low,Low Quality Less Expensive
4538,Kearny Mesa,41740.0,2,87,26.664232,2319.788184,Low,Low Quality Expensive
4542,Keene,28300.0,2,12,19.955702382417204,239.46842858900646,Low,Low Quality Less Expensive
4545,Kempsville,47260.0,2,10,17.975563,179.75563,Low,Low Quality Less Expensive
4553,Kendall County,41700.0,2,23,24.881823,572.281929,Low,Low Quality Expensive
4555,Kendallville,28340.0,2,3,16.199477328040835,48.598431984122506,Low,Low Quality Less Expensive
4558,Kenner,35380.0,2,22,15.343774,337.563028,Low,Low Quality Less Expensive
4561,Kennesaw/Town Center,12060.0,2,249,18.069009,4499.183241000001,Low,Low Quality Less Expensive
4564,Kennett,28380.0,2,1,15.907507920000002,15.907507920000002,Low,Low Quality Less Expensive
4570,Kenosha East,16980.0,2,23,18.47806,424.99537999999995,Low,Low Quality Less Expensive
4576,Kensington/Wheaton,47900.0,2,32,25.67778,821.68896,Low,Low Quality Expensive
4580,Kent County,20100.0,2,51,19.325329,985.591779,Low,Low Quality Less Expensive
4583,Kent Valley,42660.0,2,28,26.058843,729.647604,Low,Low Quality Expensive
4587,Kenwood,17140.0,2,41,18.301334,750.354694,Low,Low Quality Less Expensive
4590,Kenwood Park MF,16300.0,2,1,16.822122995927653,16.822122995927653,Low,Low Quality Less Expensive
4592,Kernersville,49180.0,2,38,13.415555,509.79109,Low,Low Quality Less Expensive
4596,Kerrville,28500.0,2,15,17.234743162330705,258.5211474349606,Low,Low Quality Less Expensive
4599,Kershaw County,17900.0,2,15,17.888254,268.32381,Low,Low Quality Less Expensive
4603,Key West,28580.0,2,17,38.36199177501228,652.1538601752087,Low,Low Quality Expensive
4610,Kill Devil Hills,28620.0,2,13,16.74094265341699,217.63225449442086,Low,Low Quality Less Expensive
4619,Kingsport-Bristol-Bristol,28700.0,2,3,20.049855598012883,60.14956679403865,Low,Low Quality Expensive
4623,Kingston,28740.0,2,19,21.28117895359822,404.3424001183662,Low,Low Quality Expensive
4626,Kingsville,28780.0,2,2,17.614013582522716,35.22802716504543,Low,Low Quality Less Expensive
4628,Kingwood/Humble,26420.0,2,37,22.203195,821.518215,Low,Low Quality Expensive
4631,Kinston,28820.0,2,13,14.02062200894168,182.26808611624185,Low,Low Quality Less Expensive
4637,Kirksville,28860.0,2,1,22.62543361499581,22.62543361499581,Low,Low Quality Expensive
4639,Kirkwood/Frontenac,41180.0,2,38,20.786722,789.895436,Low,Low Quality Expensive
4643,Kissimmee,36740.0,2,58,21.690426,1258.044708,Low,Low Quality Expensive
4647,Klamath Falls,28900.0,2,5,14.725503008124383,73.62751504062192,Low,Low Quality Less Expensive
4649,Knoxville,28940.0,2,39,16.514077261914316,644.0490132146583,Low,Low Quality Less Expensive
4652,Kokomo,29020.0,2,16,16.9842242760406,271.7475884166496,Low,Low Quality Less Expensive
4655,Kona/West Big Island,25900.0,2,3,23.275885,69.827655,Low,Low Quality Expensive
4658,Koreatown,31084.0,2,56,32.149227,1800.3567120000002,Low,Low Quality Expensive
4664,Kutzky Park MF,40340.0,2,3,20.83420740126782,62.502622203803455,Low,Low Quality Expensive
4666,LAX,31084.0,2,16,31.526623,504.425968,Low,Low Quality Expensive
4672,La Grande,29260.0,2,1,29.29389870577801,29.29389870577801,Low,Low Quality Expensive
4675,La Jolla,41740.0,2,34,38.001522,1292.051748,Low,Low Quality Expensive
4680,Lacey,36500.0,2,22,21.408131,470.978882,Low,Low Quality Expensive
4684,Laconia,29060.0,2,11,16.715074950026686,183.86582445029356,Low,Low Quality Less Expensive
4686,Lafayette,29180.0,2,15,17.86279724767355,267.9419587151033,Low,Low Quality Less Expensive
4697,Laguna Niguel/Laguna Beach,11244.0,2,34,33.50166,1139.05644,Low,Low Quality Expensive
4700,Lake Charles,29340.0,2,37,19.39988451020752,717.7957268776782,Low,Low Quality Less Expensive
4703,Lake City,29380.0,2,28,17.82827843822213,499.1917962702197,Low,Low Quality Less Expensive
4706,Lake County,36740.0,2,125,20.484235,2560.529375,Low,Low Quality Expensive
4718,Lake Oswego/West Linn,38900.0,2,31,24.431018,757.3615580000001,Low,Low Quality Expensive
4722,Lake Union,42660.0,2,36,32.358608,1164.909888,Low,Low Quality Expensive
4726,Lakeland-Winter Haven,29460.0,2,10,17.453478148898146,174.53478148898145,Low,Low Quality Less Expensive
4729,Lakes Area,19820.0,2,50,18.44986,922.493,Low,Low Quality Less Expensive
4733,Lakeside,40060.0,2,7,16.040001,112.280007,Low,Low Quality Less Expensive
4735,Lakeview,35380.0,2,3,18.571522,55.714566000000005,Low,Low Quality Less Expensive
4737,Lamar County,12060.0,2,2,17.17104,34.34208,Low,Low Quality Less Expensive
4738,Lamesa,29500.0,2,2,17.64367037132243,35.28734074264486,Low,Low Quality Less Expensive
4740,Lamorinda,36084.0,2,64,36.224023,2318.337472,Low,Low Quality Expensive
4743,Lampasas County,28660.0,2,3,16.286174,48.858521999999994,Low,Low Quality Less Expensive
4744,Lancaster,29540.0,1,2,15.31573143968125,30.6314628793625,Low,Low Quality Less Expensive
4748,Lancaster County,16740.0,2,14,19.599488,274.392832,Low,Low Quality Less Expensive
4752,Lancaster County,29540.0,2,127,16.122847,2047.601569,Low,Low Quality Less Expensive
4763,Lane County,21660.0,2,117,19.791084,2315.556828,Low,Low Quality Less Expensive
4766,Lanham,47900.0,2,16,21.258774,340.140384,Low,Low Quality Expensive
4781,Las Vegas,29780.0,1,2,18.711710626249925,37.42342125249985,Low,Low Quality Less Expensive
4790,Laurel,47900.0,2,29,21.707526,629.5182540000001,Low,Low Quality Expensive
4794,Laurens County,24860.0,2,11,14.802325,162.825575,Low,Low Quality Less Expensive
4797,Laurinburg,29900.0,2,7,14.24435821462787,99.71050750239509,Low,Low Quality Less Expensive
4800,Lawrence,29940.0,2,37,17.685541,654.3650170000001,Low,Low Quality Less Expensive
4803,Lawrence County,26580.0,2,6,15.031882,90.191292,Low,Low Quality Less Expensive
4805,Lawrence/Andover,14460.0,2,91,18.243466,1660.155406,Low,Low Quality Less Expensive
4809,Lawrence/East County,26900.0,2,53,16.38665,868.49245,Low,Low Quality Less Expensive
4812,Lawrenceburg,29980.0,2,2,14.087595896617536,28.175191793235072,Low,Low Quality Less Expensive
4815,Lawrenceville/Lilburn,12060.0,2,209,17.804511,3721.142799,Low,Low Quality Less Expensive
4819,Lawton,30020.0,2,44,14.178121598749991,623.8373503449995,Low,Low Quality Less Expensive
4821,Le Flore County,22900.0,2,2,11.601198,23.202396,Low,Low Quality Less Expensive
4827,Lebanon,30140.0,2,13,14.253325,185.293225,Low,Low Quality Less Expensive
4830,Lee County,12220.0,2,24,21.560123,517.442952,Low,Low Quality Expensive
4832,Lee Road,36740.0,2,36,20.700584,745.2210239999999,Low,Low Quality Expensive
4835,Leesburg/West Loudoun,47900.0,2,90,26.396794,2375.71146,Low,Low Quality Expensive
4840,Lehigh,15980.0,2,14,18.391611,257.482554,Low,Low Quality Less Expensive
4844,Lehigh Valley,10900.0,2,142,19.075586,2708.733212,Low,Low Quality Less Expensive
4847,Leland,34820.0,2,3,18.025159,54.07547699999999,Low,Low Quality Less Expensive
4851,Lemoore,25260.0,1,1,15.906041,15.906041,Low,Low Quality Less Expensive
4852,Lenawee County,10300.0,2,24,14.411943,345.886632,Low,Low Quality Less Expensive
4854,Levelland,30220.0,2,3,20.341181335951436,61.02354400785431,Low,Low Quality Expensive
4856,Lewisburg,30260.0,2,9,17.28127622398353,155.53148601585175,Low,Low Quality Less Expensive
4861,Lewiston,30300.0,2,4,16.155396715963672,64.62158686385469,Low,Low Quality Less Expensive
4864,Lewiston-Auburn,30340.0,2,26,15.084488788635422,392.196708504521,Low,Low Quality Less Expensive
4866,Lewistown,30380.0,2,4,14.121376160943493,56.48550464377397,Low,Low Quality Less Expensive
4873,Lexington,17900.0,2,42,18.734313,786.841146,Low,Low Quality Less Expensive
4876,Lexington,30420.0,2,1,15.42465828,15.42465828,Low,Low Quality Less Expensive
4881,Lexington/Arlington,14460.0,2,63,29.210774,1840.2787620000001,Low,Low Quality Expensive
4885,Liberal,30580.0,2,5,16.040072429855663,80.2003621492783,Low,Low Quality Less Expensive
4886,Liberty County,25980.0,2,6,20.750707,124.50424199999999,Low,Low Quality Expensive
4889,Liberty County,26420.0,2,6,20.564784,123.38870399999999,Low,Low Quality Expensive
4892,Licking County,18140.0,2,53,16.281687,862.9294110000001,Low,Low Quality Less Expensive
4895,Lima,30620.0,2,23,15.341554253336213,352.8557478267329,Low,Low Quality Less Expensive
4897,Lincoln,30660.0,2,3,12.92815966412162,38.78447899236486,Low,Low Quality Less Expensive
4899,Lincoln,30700.0,2,8,15.4939547193125,123.9516377545,Low,Low Quality Less Expensive
4906,Lincoln County,16740.0,2,19,17.389938,330.408822,Low,Low Quality Less Expensive
4908,Lincoln County,36420.0,2,1,16.025041,16.025041,Low,Low Quality Less Expensive
4909,Lincoln County,41180.0,2,5,17.36176,86.8088,Low,Low Quality Less Expensive
4914,Lincoln Park MF,31860.0,2,2,16.60748999120464,33.21497998240928,Low,Low Quality Less Expensive
4916,Lincoln Park/Garfield,20260.0,2,3,17.847862,53.543586,Low,Low Quality Less Expensive
4918,Linn County,10540.0,2,28,17.912636,501.553808,Low,Low Quality Less Expensive
4921,Little Neck,47260.0,2,21,17.8915,375.7215,Low,Low Quality Less Expensive
4924,Little Rock-North Little Rock-Conway,30780.0,2,17,18.29153297300021,310.9560605410035,Low,Low Quality Less Expensive
4927,Livermore,36084.0,2,19,46.628188,885.935572,Low,Low Quality Expensive
4930,Livingston County,19820.0,2,55,16.682759,917.5517450000001,Low,Low Quality Less Expensive
4934,Livingston County,40380.0,2,2,14.802773,29.605546,Low,Low Quality Less Expensive
4937,Livingston Parish,12940.0,2,15,18.646482,279.69723,Low,Low Quality Less Expensive
4940,Lloyd District,38900.0,2,32,23.578633,754.516256,Low,Low Quality Expensive
4945,LoDo,19740.0,2,48,32.520417,1560.980016,Low,Low Quality Expensive
4950,Lock Haven,30820.0,2,3,17.577715788031117,52.733147364093355,Low,Low Quality Less Expensive
4953,Lodi,44700.0,2,18,18.496265,332.93277,Low,Low Quality Less Expensive
4955,Logan,30860.0,2,2,18.952645686024834,37.90529137204967,Low,Low Quality Less Expensive
4958,Logan,30880.0,2,4,18.393723713730267,73.57489485492107,Low,Low Quality Less Expensive
4959,Logan Circle,47900.0,2,13,42.036299,546.471887,Low,Low Quality Expensive
4961,Logan County,36420.0,2,2,15.463242,30.926484,Low,Low Quality Less Expensive
4963,Logansport,30900.0,2,4,14.39235781600037,57.56943126400148,Low,Low Quality Less Expensive
4965,London,30940.0,2,8,23.669071847733374,189.352574781867,Low,Low Quality Expensive
4975,Long Beach: Suburban,31084.0,2,94,26.861986,2525.0266840000004,Low,Low Quality Expensive
4978,Long County,25980.0,2,2,19.008937,38.017874,Low,Low Quality Less Expensive
4980,Longmont,14500.0,2,43,22.471379,966.2692969999999,Low,Low Quality Expensive
4984,Longview,30980.0,2,24,16.611279742975896,398.6707138314215,Low,Low Quality Less Expensive
4986,Longview,31020.0,2,1,18.010885115808208,18.010885115808208,Low,Low Quality Less Expensive
4988,Longwood,36740.0,2,25,19.132574,478.31435000000005,Low,Low Quality Less Expensive
4991,Longwood/Fenway,14460.0,2,10,35.656404,356.56404000000003,Low,Low Quality Expensive
4995,Lonoke County,30780.0,2,16,16.381647,262.106352,Low,Low Quality Less Expensive
5000,Lorain County,17460.0,2,65,14.1189,917.7285,Low,Low Quality Less Expensive
5003,Los Alamitos/Stanton,11244.0,2,28,23.675534,662.914952,Low,Low Quality Expensive
5008,Los Altos,41940.0,2,40,57.470328,2298.8131200000003,Low,Low Quality Expensive
5011,Los Angeles-Long Beach-Glendale,31084.0,2,198,36.0691386814523,7141.689458927555,Low,Low Quality Expensive
5014,Los Banos,32900.0,2,3,16.436185,49.308555,Low,Low Quality Less Expensive
5016,Los Gatos/Saratoga,41940.0,2,59,49.887177,2943.343443,Low,Low Quality Expensive
5019,Los Lunas Corridor,10740.0,2,14,15.882449,222.354286,Low,Low Quality Less Expensive
5022,Loudon County,28940.0,2,13,19.12238,248.59094,Low,Low Quality Less Expensive
5025,Louisville CBD,31140.0,2,28,16.062759,449.757252,Low,Low Quality Less Expensive
5029,Louisville-Jefferson County,31140.0,2,76,20.35440391626958,1546.934697636488,Low,Low Quality Expensive
5037,Lower Buckhead,12060.0,2,13,27.405587,356.272631,Low,Low Quality Expensive
5041,Lower Bucks County,37980.0,2,165,19.206315,3169.041975,Low,Low Quality Less Expensive
5044,Lower Spartanburg County,43900.0,2,10,15.124255,151.24255,Low,Low Quality Less Expensive
5046,Lowndes County,33860.0,2,1,11.728351,11.728351,Low,Low Quality Less Expensive
5049,Ludington,31220.0,2,3,16.106945550477274,48.32083665143182,Low,Low Quality Less Expensive
5051,Lufkin,31260.0,2,8,17.946510307661963,143.5720824612957,Low,Low Quality Less Expensive
5054,Lumberton,31300.0,2,38,14.411716630851906,547.6452319723725,Low,Low Quality Less Expensive
5057,Lynchburg,31340.0,2,33,15.15141192459876,499.99659351175904,Low,Low Quality Less Expensive
5069,Lyon County,22280.0,2,8,16.383723,131.069784,Low,Low Quality Less Expensive
5072,Macomb,31380.0,2,2,12.781196330063985,25.56239266012797,Low,Low Quality Less Expensive
5075,Macomb East,19820.0,2,140,16.044017,2246.16238,Low,Low Quality Less Expensive
5079,Macomb West,19820.0,2,131,15.934963,2087.480153,Low,Low Quality Less Expensive
5085,Macoupin County,41180.0,2,2,17.304554,34.609108,Low,Low Quality Less Expensive
5087,Madison,31500.0,2,4,17.405546451027753,69.62218580411101,Low,Low Quality Less Expensive
5089,Madison,31540.0,2,8,16.983232344932173,135.86585875945738,Low,Low Quality Less Expensive
5092,Madison County,11700.0,2,5,19.653553,98.267765,Low,Low Quality Less Expensive
5094,Madison County,18140.0,2,7,16.491237,115.43865900000002,Low,Low Quality Less Expensive
5098,Madison County,22220.0,2,1,17.712373,17.712373,Low,Low Quality Less Expensive
5099,Madison County,45060.0,2,7,15.373632,107.615424,Low,Low Quality Less Expensive
5101,Madison/Ridgeland,27140.0,2,64,16.315412,1044.186368,Low,Low Quality Less Expensive
5105,Madisonville,31580.0,2,3,13.898369865461058,41.695109596383176,Low,Low Quality Less Expensive
5106,Magnolia,31620.0,2,5,14.359963491307782,71.79981745653892,Low,Low Quality Less Expensive
5108,Mahoning County,49660.0,2,34,13.324448,453.031232,Low,Low Quality Less Expensive
5114,Main Place Area,11244.0,2,19,24.242897,460.615043,Low,Low Quality Expensive
5117,Main-Patrick Henry MF,13980.0,2,1,14.940144,14.940144,Low,Low Quality Less Expensive
5119,Maitland,36740.0,2,20,18.860407,377.20813999999996,Low,Low Quality Less Expensive
5126,Mall 205,38900.0,2,39,20.942255,816.747945,Low,Low Quality Expensive
5128,Malone,31660.0,2,4,17.514926605589334,70.05970642235734,Low,Low Quality Less Expensive
5130,Malvern,31680.0,2,3,16.768716094432374,50.30614828329712,Low,Low Quality Less Expensive
5132,Manassas,47900.0,2,51,22.97541,1171.74591,Low,Low Quality Expensive
5136,Manatee,35840.0,2,111,20.930671,2323.304481,Low,Low Quality Expensive
5143,Manchester,25540.0,2,23,18.177922,418.092206,Low,Low Quality Less Expensive
5145,Manchester,40060.0,2,4,18.390644,73.562576,Low,Low Quality Less Expensive
5147,Manchester-Nashua,31700.0,2,4,17.113836079168507,68.45534431667403,Low,Low Quality Less Expensive
5155,Mandeville/Covington,35380.0,2,125,16.833577,2104.1971249999997,Low,Low Quality Less Expensive
5158,Manhattan,31740.0,2,10,18.9303817136405,189.303817136405,Low,Low Quality Less Expensive
5161,Manitowoc,31820.0,2,5,15.813967904395398,79.06983952197699,Low,Low Quality Less Expensive
5163,Mankato-North Mankato,31860.0,1,1,18.17243699934514,18.17243699934514,Low,Low Quality Less Expensive
5164,Mansfield,31900.0,1,1,14.6020098384,14.6020098384,Low,Low Quality Less Expensive
5169,Marietta,31930.0,2,15,14.726253525316766,220.8938028797515,Low,Low Quality Less Expensive
5171,Marigny/Bywater,35380.0,2,4,20.147792,80.591168,Low,Low Quality Expensive
5174,Marina Del Rey/Venice,31084.0,2,97,48.717582,4725.6054540000005,Low,Low Quality Expensive
5177,Marina/Seaside,41500.0,2,11,20.33026,223.63286,Low,Low Quality Expensive
5179,Marinette,31940.0,2,2,14.115982216836485,28.23196443367297,Low,Low Quality Less Expensive
5182,Marion,31980.0,2,21,15.85612787855504,332.9786854496558,Low,Low Quality Less Expensive
5184,Marion,32000.0,2,4,15.018192387154267,60.07276954861707,Low,Low Quality Less Expensive
5186,Marion,32020.0,2,6,17.29479422983464,103.76876537900785,Low,Low Quality Less Expensive
5189,Marion County,41420.0,2,125,17.970202,2246.27525,Low,Low Quality Less Expensive
5193,Market Street Corridor,48900.0,2,22,16.971584,373.374848,Low,Low Quality Less Expensive
5209,Marquette,32100.0,2,8,18.204048542883445,145.63238834306756,Low,Low Quality Less Expensive
5211,Marshall,32140.0,2,4,15.807438789482049,63.229755157928196,Low,Low Quality Less Expensive
5215,Marshall County,32820.0,2,2,16.830604,33.661208,Low,Low Quality Less Expensive
5217,Marshall County,37900.0,2,2,12.965805,25.93161,Low,Low Quality Less Expensive
5222,Martin,38940.0,2,24,19.796347,475.11232800000005,Low,Low Quality Less Expensive
5225,Martinez/Pacheco/Hercules,36084.0,2,31,25.964207,804.890417,Low,Low Quality Expensive
5227,Martinsville,32300.0,2,7,15.995504962335321,111.96853473634725,Low,Low Quality Less Expensive
5230,Maryville,32340.0,2,2,13.646702163330634,27.293404326661268,Low,Low Quality Less Expensive
5233,Mason City,32380.0,2,2,20.48090933554557,40.96181867109114,Low,Low Quality Expensive
5250,Mauldin/Fountain,24860.0,2,29,16.163631,468.745299,Low,Low Quality Less Expensive
5254,Maury County,34980.0,2,15,19.097266,286.45899000000003,Low,Low Quality Less Expensive
5257,Mayfair/Wauwatosa,33340.0,2,37,15.895162,588.120994,Low,Low Quality Less Expensive
5260,Maysville,32500.0,2,1,17.2172162131627,17.2172162131627,Low,Low Quality Less Expensive
5262,McAlester,32540.0,2,1,19.986222440511156,19.986222440511156,Low,Low Quality Less Expensive
5263,McAllen-Edinburg-Mission,32580.0,2,2,17.90715231935012,35.81430463870024,Low,Low Quality Less Expensive
5264,McBryde MF,13980.0,2,2,19.876233819354912,39.752467638709824,Low,Low Quality Less Expensive
5266,McClain County,36420.0,2,7,16.353452,114.474164,Low,Low Quality Less Expensive
5268,McComb,32620.0,2,2,13.223394525600002,26.446789051200003,Low,Low Quality Less Expensive
5269,McConnell AFB/Southeast,48620.0,2,1,15.452824,15.452824,Low,Low Quality Less Expensive
5270,McDuffie County,12260.0,2,2,15.459882,30.919764,Low,Low Quality Less Expensive
5271,McLean,47900.0,2,36,28.631242,1030.724712,Low,Low Quality Expensive
5275,McPherson,32700.0,2,1,14.92146650619361,14.92146650619361,Low,Low Quality Less Expensive
5284,Meadville,32740.0,2,10,14.752901966857397,147.52901966857397,Low,Low Quality Less Expensive
5286,Mechanicsville,40060.0,2,20,17.280145,345.60290000000003,Low,Low Quality Less Expensive
5292,Medford/Malden,14460.0,2,23,25.518399,586.923177,Low,Low Quality Expensive
5296,Medical,24860.0,2,14,18.631766,260.844724,Low,Low Quality Less Expensive
5299,Medical Mile,44180.0,2,20,16.334108,326.68216,Low,Low Quality Less Expensive
5302,Medina County,17460.0,2,59,14.226392,839.357128,Low,Low Quality Less Expensive
5305,Medina County,41700.0,2,4,23.567201,94.268804,Low,Low Quality Expensive
5306,Melrose Park Area,16980.0,2,5,19.60479,98.02395000000001,Low,Low Quality Less Expensive
5314,Menlo Park,41884.0,2,77,72.076653,5549.902281,Low,Low Quality Expensive
5318,Menomonie,32860.0,2,12,16.265288484057088,195.18346180868505,Low,Low Quality Less Expensive
5322,Mercer County,19340.0,2,2,12.414295,24.82859,Low,Low Quality Less Expensive
5324,Mercer County,49660.0,2,10,13.121488,131.21488,Low,Low Quality Less Expensive
5328,Mercer Island,42660.0,2,8,36.302559,290.420472,Low,Low Quality Expensive
5332,Meriden,35300.0,2,11,16.612189,182.734079,Low,Low Quality Less Expensive
5336,Meridian,14260.0,2,46,16.853871,775.2780660000001,Low,Low Quality Less Expensive
5342,Meridian,32940.0,2,19,14.541070406307409,276.28033771984076,Low,Low Quality Less Expensive
5343,Meridian Corridor,26900.0,2,31,17.469886,541.566466,Low,Low Quality Less Expensive
5346,Meriwether County,12060.0,2,1,17.40231,17.40231,Low,Low Quality Less Expensive
5352,Mesa Downtown,38060.0,2,32,17.593954,563.006528,Low,Low Quality Less Expensive
5355,Mesa East,38060.0,2,74,17.926727,1326.577798,Low,Low Quality Less Expensive
5359,Mesquite/Forney/Terrell,19100.0,2,29,21.454997,622.1949129999999,Low,Low Quality Expensive
5361,Metairie,35380.0,2,118,18.735693,2210.8117740000002,Low,Low Quality Less Expensive
5373,Miami,33060.0,2,1,12.738491688945214,12.738491688945214,Low,Low Quality Less Expensive
5375,Miami,33124.0,2,48,30.356844,1457.128512,Low,Low Quality Expensive
5392,Miami-Miami Beach-Kendall,33124.0,2,64,28.246917607900834,1807.8027269056533,Low,Low Quality Expensive
5396,Michigan City-La Porte,33140.0,2,10,15.890178321406578,158.90178321406577,Low,Low Quality Less Expensive
5401,Mid-Cities,31084.0,2,129,29.012158,3742.568382,Low,Low Quality Expensive
5405,Mid-City,18580.0,2,30,18.158452,544.75356,Low,Low Quality Less Expensive
5408,Mid-City/Central City,35380.0,2,41,22.523335,923.456735,Low,Low Quality Expensive
5411,Mid-County,42100.0,2,42,26.822743,1126.555206,Low,Low Quality Expensive
5414,Mid-Pinellas,45300.0,2,110,17.005409,1870.59499,Low,Low Quality Less Expensive
5418,Mid-Town,46140.0,2,59,16.042736,946.5214240000001,Low,Low Quality Less Expensive
5422,MidMarket,41884.0,2,21,46.199869,970.1972489999999,Low,Low Quality Expensive
5427,Middleton,14260.0,1,2,14.976542,29.953084,Low,Low Quality Less Expensive
5432,Midland,33220.0,2,16,17.45536319587354,279.28581113397667,Low,Low Quality Less Expensive
5435,Midland,33260.0,2,20,17.851738662422253,357.03477324844505,Low,Low Quality Less Expensive
5438,Midlothian Corridor,40060.0,2,46,15.672038,720.913748,Low,Low Quality Less Expensive
5448,Midtown,17460.0,2,27,16.029837,432.80559900000003,Low,Low Quality Less Expensive
5452,Midtown,23420.0,2,30,14.51267,435.38009999999997,Low,Low Quality Less Expensive
5455,Midtown,26420.0,2,63,24.376458,1535.716854,Low,Low Quality Expensive
5459,Midtown,26900.0,2,32,17.089405,546.86096,Low,Low Quality Less Expensive
5463,Midtown,28140.0,2,49,17.075125,836.681125,Low,Low Quality Less Expensive
5468,Midtown,32820.0,2,28,16.906937,473.394236,Low,Low Quality Less Expensive
5472,Midtown,33660.0,2,29,13.914543,403.521747,Low,Low Quality Less Expensive
5475,Midtown,36420.0,2,19,17.781094,337.840786,Low,Low Quality Less Expensive
5478,Midtown,38060.0,2,64,21.023226,1345.486464,Low,Low Quality Expensive
5483,Midtown,40900.0,2,60,23.203268,1392.1960800000002,Low,Low Quality Expensive
5487,Midtown,48900.0,2,52,17.352758,902.343416,Low,Low Quality Less Expensive
5492,Midtown Champaign MF,16580.0,2,1,20.940539721246374,20.940539721246374,Low,Low Quality Expensive
5496,Midtown Gainesville MF,23540.0,2,13,16.9243121969913,220.01605856088688,Low,Low Quality Less Expensive
5498,Midtown Omaha,36540.0,2,40,14.330591,573.22364,Low,Low Quality Less Expensive
5502,Midtown San Jose,41940.0,2,58,38.40969,2227.7620199999997,Low,Low Quality Expensive
5506,Midtown/Central Phoenix,38060.0,2,72,18.700559,1346.4402479999999,Low,Low Quality Less Expensive
5509,Midtown/Pershing Point,12060.0,2,63,25.286347,1593.039861,Low,Low Quality Expensive
5518,Midtown/Southend,16740.0,2,83,26.075687,2164.282021,Low,Low Quality Expensive
5522,Midway,33460.0,2,46,20.318011,934.6285059999999,Low,Low Quality Expensive
5526,Milford,35300.0,2,16,20.086087,321.377392,Low,Low Quality Expensive
5530,Milford/Wards Corner,17140.0,2,30,14.420777,432.62331,Low,Low Quality Less Expensive
5538,Milledgeville,33300.0,2,8,14.556765701637767,116.45412561310214,Low,Low Quality Less Expensive
5541,Miller Hill/Airpark,20260.0,2,5,19.713526,98.56763000000001,Low,Low Quality Less Expensive
5543,Miller Southside MF,13980.0,2,2,17.93454247555783,35.86908495111566,Low,Low Quality Less Expensive
5549,Milwaukee East,33340.0,2,18,16.028201,288.507618,Low,Low Quality Less Expensive
5552,Milwaukee NW,33340.0,2,29,17.347077,503.065233,Low,Low Quality Less Expensive
5556,Milwaukee Near SW,33340.0,2,5,16.468636,82.34318,Low,Low Quality Less Expensive
5558,Milwaukee SE,33340.0,2,18,16.336174,294.051132,Low,Low Quality Less Expensive
5561,Milwaukee West,33340.0,2,12,16.038755,192.46506,Low,Low Quality Less Expensive
5568,Mineral Wells,33420.0,2,3,17.836067471996877,53.50820241599063,Low,Low Quality Less Expensive
5576,Minneapolis-St. Paul-Bloomington,33460.0,2,101,18.994508225367017,1918.4453307620688,Low,Low Quality Less Expensive
5579,Minot,33500.0,2,1,28.263939247917655,28.263939247917655,Low,Low Quality Expensive
5581,Mira Mesa/Miramar,41740.0,2,19,24.980651,474.63236900000004,Low,Low Quality Expensive
5583,Miracle Hills,36540.0,2,8,17.116403,136.931224,Low,Low Quality Less Expensive
5586,Miracle Mile,31084.0,2,24,43.316867,1039.604808,Low,Low Quality Expensive
5589,Mishawaka,43780.0,2,16,19.010143,304.162288,Low,Low Quality Less Expensive
5596,Mission Gorge,41740.0,2,8,25.995532,207.964256,Low,Low Quality Expensive
5601,Mission Viejo,11244.0,2,24,29.455443,706.930632,Low,Low Quality Expensive
5604,Mission/Potrero,41884.0,2,36,45.517816,1638.641376,Low,Low Quality Expensive
5607,Missoula,33540.0,2,31,19.205186533455,595.3607825371049,Low,Low Quality Less Expensive
5609,Mitchell,33580.0,2,2,14.067571240737049,28.135142481474098,Low,Low Quality Less Expensive
5610,Moberly,33620.0,2,3,12.676540357274,38.029621071822,Low,Low Quality Less Expensive
5612,Mobile,33660.0,2,6,18.753951280666293,112.52370768399776,Low,Low Quality Less Expensive
5615,Modesto,33700.0,2,106,18.180266,1927.108196,Low,Low Quality Less Expensive
5623,Mojave River Valley,40140.0,2,105,16.8852,1772.9460000000001,Low,Low Quality Less Expensive
5625,Monkey Junction,48900.0,2,7,18.305308,128.137156,Low,Low Quality Less Expensive
5628,Monroe,14860.0,2,8,24.666101,197.328808,Low,Low Quality Expensive
5631,Monroe,33740.0,2,35,13.941248786914512,487.9437075420079,Low,Low Quality Less Expensive
5633,Monroe,33780.0,2,3,14.052709937503556,42.158129812510666,Low,Low Quality Less Expensive
5634,Monroe,35614.0,2,15,24.217695,363.265425,Low,Low Quality Expensive
5637,Monroe County,20700.0,2,22,18.618189,409.600158,Low,Low Quality Less Expensive
5639,Monroe County,31420.0,2,4,13.547389,54.189556,Low,Low Quality Less Expensive
5641,Monroe County,33780.0,2,27,14.928725,403.075575,Low,Low Quality Less Expensive
5644,Monroe County,41180.0,2,5,17.342781,86.713905,Low,Low Quality Less Expensive
5647,Monroe Ward,40060.0,2,17,18.637363,316.835171,Low,Low Quality Less Expensive
5651,Monroeville,38300.0,2,41,16.613198,681.141118,Low,Low Quality Less Expensive
5655,Monterey,41500.0,2,35,26.024168,910.84588,Low,Low Quality Expensive
5657,Montgomery,33860.0,2,8,19.341432545355538,154.7314603628443,Low,Low Quality Less Expensive
5659,Montgomery County,11220.0,2,4,18.189647,72.758588,Low,Low Quality Less Expensive
5662,Montgomery County,17300.0,2,41,17.933782,735.285062,Low,Low Quality Less Expensive
5668,Montview MF,31340.0,2,1,9.47665675810656,9.47665675810656,Low,Low Quality Less Expensive
5670,Moore,36420.0,2,30,16.062194,481.86582000000004,Low,Low Quality Less Expensive
5678,Morehead City,33980.0,2,43,15.307905134629369,658.2399207890628,Low,Low Quality Less Expensive
5682,Moreno Valley/Perris,40140.0,2,29,18.491981,536.2674489999999,Low,Low Quality Less Expensive
5685,Morgan City,34020.0,2,2,16.035795427505732,32.071590855011465,Low,Low Quality Less Expensive
5686,Morgan County,26900.0,2,9,15.679388,141.11449199999998,Low,Low Quality Less Expensive
5692,Morgantown,34060.0,2,22,17.793111443605607,391.44845175932335,Low,Low Quality Less Expensive
5696,Morristown,34100.0,2,22,14.635322369564573,321.9770921304206,Low,Low Quality Less Expensive
5699,Morristown Region,35084.0,2,77,26.412398,2033.7546459999999,Low,Low Quality Expensive
5703,Morrow County,18140.0,2,2,17.710906,35.421812,Low,Low Quality Less Expensive
5705,Moscow,34140.0,2,4,15.911786730698187,63.64714692279275,Low,Low Quality Less Expensive
5707,Moses Lake,34180.0,2,15,18.65356854956181,279.8035282434272,Low,Low Quality Less Expensive
5709,Moultrie,34220.0,2,5,16.2119992259629,81.0599961298145,Low,Low Quality Less Expensive
5711,Mount Airy,34340.0,2,19,14.104467297861818,267.98487865937454,Low,Low Quality Less Expensive
5714,Mount Pleasant,34380.0,2,15,16.973268607775925,254.59902911663886,Low,Low Quality Less Expensive
5716,Mount Pleasant,34420.0,2,5,17.097799153779917,85.48899576889958,Low,Low Quality Less Expensive
5717,Mount Sterling,34460.0,2,5,17.152675314634934,85.76337657317467,Low,Low Quality Less Expensive
5718,Mount Vernon,34500.0,2,5,16.570489791797876,82.85244895898938,Low,Low Quality Less Expensive
5721,Mount Vernon,34540.0,2,5,15.800659063874102,79.00329531937051,Low,Low Quality Less Expensive
5724,Mount Vernon-Anacortes,34580.0,2,14,23.21310122158289,324.98341710216044,Low,Low Quality Expensive
5727,Mountain Home,34260.0,2,6,15.258892126576352,91.55335275945811,Low,Low Quality Less Expensive
5736,Muncie/Delaware County,34620.0,2,42,11.710781,491.85280200000005,Low,Low Quality Less Expensive
5745,Muskegon,34740.0,2,3,16.573422830521704,49.72026849156511,Low,Low Quality Less Expensive
5748,Muskegon Heights,34740.0,2,22,18.147,399.234,Low,Low Quality Less Expensive
5753,Muskogee County,34780.0,2,9,13.76805,123.91245,Low,Low Quality Less Expensive
5756,Myrtle Beach-Conway-North Myrtle Beach,34820.0,2,7,18.774055190972835,131.41838633680985,Low,Low Quality Less Expensive
5758,Myrtle Grove/Bellview,37860.0,2,6,16.812986,100.877916,Low,Low Quality Less Expensive
5759,N Arlington/E FallsChurch,47900.0,2,6,29.239937,175.439622,Low,Low Quality Expensive
5762,N Central Alamance County,15500.0,2,1,17.152075,17.152075,Low,Low Quality Less Expensive
5764,N Fulton/Forsyth County,12060.0,2,444,15.208703,6752.664132,Low,Low Quality Less Expensive
5767,N Outlying Washoe County,39900.0,2,3,25.088904,75.266712,Low,Low Quality Expensive
5768,N Phoenix/Cave Creek,38060.0,2,5,21.143669,105.718345,Low,Low Quality Expensive
5770,N Santa Barbara/Goleta,42200.0,2,77,29.749449,2290.7075729999997,Low,Low Quality Expensive
5776,N Scottsdale/Carefree,38060.0,2,41,20.595808,844.428128,Low,Low Quality Expensive
5779,N Snohomish County,42660.0,2,29,24.621927,714.035883,Low,Low Quality Expensive
5785,NE Alamance County,15500.0,2,4,19.461144,77.844576,Low,Low Quality Less Expensive
5786,NE Allegan/Holland,26090.0,2,3,15.600411,46.801232999999996,Low,Low Quality Less Expensive
5789,NE Close-In,38900.0,2,22,27.189094,598.160068,Low,Low Quality Expensive
5793,NE Cumberland County,38860.0,2,52,17.126018,890.5529359999999,Low,Low Quality Less Expensive
5796,NE Forsyth County,49180.0,2,6,11.535532,69.21319199999999,Low,Low Quality Less Expensive
5799,NE Guilford County,24660.0,2,29,16.054818,465.58972200000005,Low,Low Quality Less Expensive
5803,NE Kalamazoo County,28020.0,2,6,14.453852,86.723112,Low,Low Quality Less Expensive
5806,NE New London/Norwich,35980.0,2,19,18.218699,346.155281,Low,Low Quality Less Expensive
5812,NE Outer Onondaga County,45060.0,2,39,15.390627,600.234453,Low,Low Quality Less Expensive
5815,NE Outlying Kern County,12540.0,2,9,15.363161,138.268449,Low,Low Quality Less Expensive
5818,NE Randolph County,24660.0,2,2,12.776178,25.552356,Low,Low Quality Less Expensive
5821,NE Tallahassee,45220.0,2,54,15.488737,836.391798,Low,Low Quality Less Expensive
5825,NE/Delafield,33340.0,2,26,16.600508,431.61320800000004,Low,Low Quality Less Expensive
5828,NE/Menomonee Falls,33340.0,2,8,14.481122,115.848976,Low,Low Quality Less Expensive
5831,NW Alamance County,15500.0,2,1,17.51721,17.51721,Low,Low Quality Less Expensive
5837,NW Close-In,38900.0,2,27,28.596964,772.118028,Low,Low Quality Expensive
5841,NW Forsyth County,49180.0,2,24,13.80137,331.23288,Low,Low Quality Less Expensive
5844,NW Guilford County,24660.0,2,44,16.198054,712.7143759999999,Low,Low Quality Less Expensive
5848,NW Litchfield County,45860.0,2,11,19.499727,214.496997,Low,Low Quality Less Expensive
5850,NW Middlesex/Middletown,25540.0,2,36,16.574971,596.6989560000001,Low,Low Quality Less Expensive
5854,NW New London/Colchester,35980.0,2,4,17.7108,70.8432,Low,Low Quality Less Expensive
5856,NW North Metro,44060.0,2,7,20.246661,141.726627,Low,Low Quality Expensive
5858,NW Orange Outlying,36740.0,2,6,17.649489,105.89693399999999,Low,Low Quality Less Expensive
5863,NW Randolph Cnty/Archdale,24660.0,2,9,12.842178,115.57960200000001,Low,Low Quality Less Expensive
5864,NW Tallahassee,45220.0,2,29,15.805908,458.371332,Low,Low Quality Less Expensive
5870,Nampa,14260.0,2,38,14.722852,559.468376,Low,Low Quality Less Expensive
5873,Napa,34900.0,2,1,27.466138472437873,27.466138472437873,Low,Low Quality Expensive
5876,Napa County,34900.0,2,69,31.636497,2182.9182929999997,Low,Low Quality Expensive
5891,Nassau County-Suffolk County,35004.0,2,51,28.756996832323672,1466.6068384485072,Low,Low Quality Expensive
5898,Natchez,35020.0,2,1,16.265209858949653,16.265209858949653,Low,Low Quality Less Expensive
5899,Natchitoches,35060.0,2,2,24.32876082200368,48.65752164400736,Low,Low Quality Expensive
5900,National City,41740.0,2,21,27.508342,577.675182,Low,Low Quality Expensive
5902,Naugatuck,35300.0,1,4,18.976665,75.90666,Low,Low Quality Less Expensive
5909,Navy Yard,37980.0,2,4,28.812068,115.248272,Low,Low Quality Expensive
5913,Near North,16980.0,2,81,21.591171,1748.884851,Low,Low Quality Expensive
5917,Near South Cook,16980.0,2,57,20.474958,1167.072606,Low,Low Quality Expensive
5921,Near West End,40060.0,2,33,18.600217,613.8071610000001,Low,Low Quality Less Expensive
5925,Near West Madison,31540.0,2,45,16.066102,722.97459,Low,Low Quality Less Expensive
5928,Nelson County,12680.0,2,11,15.264678,167.911458,Low,Low Quality Less Expensive
5930,New Albany,31140.0,2,24,15.3237,367.7688,Low,Low Quality Less Expensive
5933,New Bern,35100.0,2,23,15.286244843191135,351.5836313933961,Low,Low Quality Less Expensive
5936,New Britain,25540.0,2,12,19.402057,232.824684,Low,Low Quality Less Expensive
5939,New Canaan,14860.0,2,16,35.193758,563.100128,Low,Low Quality Expensive
5942,New Castle,35260.0,2,25,18.318425394948175,457.96063487370435,Low,Low Quality Less Expensive
5945,New Hanover Outlying,48900.0,2,1,18.53976,18.53976,Low,Low Quality Less Expensive
5947,New Hartford/NE Litchfld,45860.0,2,2,18.519186,37.038372,Low,Low Quality Less Expensive
5948,New Haven,23060.0,1,2,14.559065,29.11813,Low,Low Quality Less Expensive
5951,New Haven,35300.0,2,46,17.925044,824.552024,Low,Low Quality Less Expensive
5957,New Kent County,40060.0,2,3,16.515564,49.54669200000001,Low,Low Quality Less Expensive
5959,New London,35980.0,2,46,16.558973,761.7127580000001,Low,Low Quality Less Expensive
5962,New Milford/SW Litchfield,45860.0,2,21,18.924728,397.41928800000005,Low,Low Quality Less Expensive
5964,New Orleans CBD,35380.0,2,12,20.855465,250.26558,Low,Low Quality Expensive
5967,New Orleans East,35380.0,2,11,17.024774,187.272514,Low,Low Quality Less Expensive
5970,New Orleans-Metairie,35380.0,2,15,17.946846883263063,269.20270324894597,Low,Low Quality Less Expensive
5974,New Philadelphia-Dover,35420.0,2,16,16.1202114913013,257.9233838608208,Low,Low Quality Less Expensive
5977,New Ulm,35580.0,2,1,20.385946889321378,20.385946889321378,Low,Low Quality Expensive
5988,Newark,36084.0,2,10,30.277742,302.77742,Low,Low Quality Expensive
5992,Newberry,35140.0,2,5,14.414163643225985,72.07081821612992,Low,Low Quality Less Expensive
5995,Newburgh,35614.0,2,57,25.483557,1452.5627490000002,Low,Low Quality Expensive
5999,Newington,25540.0,2,14,19.908356,278.716984,Low,Low Quality Less Expensive
6000,Newport,35440.0,2,3,20.004066144009016,60.01219843202705,Low,Low Quality Expensive
6002,Newport,35460.0,2,3,15.715640661413246,47.14692198423974,Low,Low Quality Less Expensive
6005,Newport Beach,11244.0,2,135,36.266171,4895.933085,Low,Low Quality Expensive
6010,Newport County,39300.0,2,42,20.870088,876.543696,Low,Low Quality Expensive
6012,Newton,35500.0,2,2,14.663317153243355,29.32663430648671,Low,Low Quality Less Expensive
6014,Newton County,12060.0,2,17,19.262365,327.460205,Low,Low Quality Less Expensive
6017,Newton/Brookline,14460.0,2,104,31.564306,3282.6878239999996,Low,Low Quality Expensive
6024,Newtown,14860.0,2,10,26.933204,269.33204,Low,Low Quality Expensive
6031,Niagara Falls,15380.0,2,7,13.34405,93.40835,Low,Low Quality Less Expensive
6033,Niles,49660.0,2,7,11.785488,82.498416,Low,Low Quality Less Expensive
6036,Niles-Benton Harbor,35660.0,2,41,15.428121149118533,632.5529671138598,Low,Low Quality Less Expensive
6045,Norcross/Peachtree Corners,12060.0,2,141,17.253791,2432.784531,Low,Low Quality Less Expensive
6049,Norfolk,35740.0,2,1,20.793665827107805,20.793665827107805,Low,Low Quality Expensive
6051,Norfolk-ODU/Ghent,47260.0,2,16,17.795353,284.725648,Low,Low Quality Less Expensive
6055,Norman,36420.0,2,61,16.518169,1007.608309,Low,Low Quality Less Expensive
6059,Norristown/Valley Forge,37980.0,2,48,17.556869,842.729712,Low,Low Quality Less Expensive
6063,North,15380.0,2,43,16.574439,712.7008770000001,Low,Low Quality Less Expensive
6066,North,16860.0,2,4,17.933731,71.734924,Low,Low Quality Less Expensive
6069,North,17820.0,2,50,16.52775,826.3875,Low,Low Quality Less Expensive
6073,North,32820.0,2,35,15.291343,535.197005,Low,Low Quality Less Expensive
6076,North,35614.0,2,34,27.943214,950.0692760000001,Low,Low Quality Expensive
6080,North,36420.0,2,49,16.001813,784.0888369999999,Low,Low Quality Less Expensive
6084,North,43340.0,2,6,12.691577,76.149462,Low,Low Quality Less Expensive
6087,North 101 Corridor,42020.0,2,45,21.304621,958.707945,Low,Low Quality Expensive
6090,North 17 Corridor,35614.0,2,35,26.406033,924.2111550000001,Low,Low Quality Expensive
6093,North Abilene MF,10180.0,2,1,15.82055036912384,15.82055036912384,Low,Low Quality Less Expensive
6094,North Ada County,14260.0,2,1,16.291613,16.291613,Low,Low Quality Less Expensive
6096,North Asheboro,24660.0,2,1,16.919407,16.919407,Low,Low Quality Less Expensive
6097,North Asheville,11700.0,2,25,21.237038,530.92595,Low,Low Quality Expensive
6100,North Augusta,12260.0,2,10,14.425305,144.25305,Low,Low Quality Less Expensive
6105,North Beach Cities,41740.0,2,96,42.25729,4056.6998399999998,Low,Low Quality Expensive
6124,North Broad,40060.0,2,7,18.607855,130.254985,Low,Low Quality Less Expensive
6128,North Brooklyn,35614.0,2,61,34.753023,2119.9344029999997,Low,Low Quality Expensive
6135,North CBD,12940.0,2,17,18.407685,312.930645,Low,Low Quality Less Expensive
6140,North Camden County,37980.0,2,78,19.887792,1551.2477760000002,Low,Low Quality Less Expensive
6145,North Central,18140.0,2,44,18.835249,828.7509560000001,Low,Low Quality Less Expensive
6148,North Central,30700.0,2,17,15.80499,268.68483,Low,Low Quality Less Expensive
6152,North Central,41700.0,2,144,21.751368,3132.196992,Low,Low Quality Expensive
6156,North Central,46140.0,2,25,13.323471,333.086775,Low,Low Quality Less Expensive
6160,North Central Bergen,35614.0,2,58,28.956172,1679.457976,Low,Low Quality Expensive
6163,North Central County,41740.0,2,10,49.413806,494.13806,Low,Low Quality Expensive
6166,North Charleston,16700.0,2,76,21.666763,1646.673988,Low,Low Quality Expensive
6170,North Clayton/Airport,12060.0,2,185,16.831197,3113.771445,Low,Low Quality Less Expensive
6174,North Columbia,17900.0,2,10,17.532857,175.32857,Low,Low Quality Less Expensive
6177,North County,41180.0,2,22,21.361416,469.951152,Low,Low Quality Expensive
6180,North Davidson County,49180.0,2,10,13.564087,135.64087,Low,Low Quality Less Expensive
6183,North Dayton,19380.0,2,74,11.813789,874.220386,Low,Low Quality Less Expensive
6187,North Daytona Beach,19660.0,2,20,18.544805,370.8961,Low,Low Quality Less Expensive
6195,North DuPage,16980.0,2,61,17.037305,1039.275605,Low,Low Quality Less Expensive
6198,North Duluth,20260.0,2,1,19.056542,19.056542,Low,Low Quality Less Expensive
6200,North Durham,20500.0,2,32,18.848757,603.160224,Low,Low Quality Less Expensive
6210,North Fayetteville,22180.0,2,57,17.229442,982.0781939999999,Low,Low Quality Less Expensive
6214,North Fort Wayne,23060.0,2,64,13.595009,870.080576,Low,Low Quality Less Expensive
6216,North Franklin County,40220.0,2,7,15.247075,106.72952500000001,Low,Low Quality Less Expensive
6222,North Haven,35300.0,2,20,20.682699,413.65398,Low,Low Quality Expensive
6224,North Hill MF,33500.0,2,1,15.4463069232,15.4463069232,Low,Low Quality Less Expensive
6226,North Hollywood,31084.0,2,49,31.360669,1536.672781,Low,Low Quality Expensive
6231,North Huntsville,26620.0,2,21,12.287061,258.028281,Low,Low Quality Less Expensive
6236,North I-25,10740.0,2,76,15.928586,1210.572536,Low,Low Quality Less Expensive
6241,North Inner Loop,31180.0,2,6,20.101858,120.611148,Low,Low Quality Expensive
6244,North Jackson,27140.0,2,38,13.751759,522.566842,Low,Low Quality Less Expensive
6252,North Little Rock,30780.0,2,22,16.411489,361.052758,Low,Low Quality Less Expensive
6258,North Madison County,26620.0,2,2,14.134201,28.268402,Low,Low Quality Less Expensive
6261,North Mankato MF,31860.0,2,2,18.01051119960768,36.02102239921536,Low,Low Quality Less Expensive
6268,North Monterey County,41500.0,2,33,24.354629,803.702757,Low,Low Quality Expensive
6271,North Montgomery,33860.0,2,107,13.702536,1466.171352,Low,Low Quality Less Expensive
6283,North New Castle County,37980.0,2,30,20.426422,612.79266,Low,Low Quality Expensive
6286,North Outer Lubbock,31180.0,2,4,14.444418,57.777672,Low,Low Quality Less Expensive
6294,North Outlying Kern County,12540.0,2,3,16.38484,49.154520000000005,Low,Low Quality Less Expensive
6297,North Ozaukee,33340.0,2,19,15.507379,294.640201,Low,Low Quality Less Expensive
6303,North Peoria,37900.0,2,35,13.886824,486.03884000000005,Low,Low Quality Less Expensive
6306,North Pinellas,45300.0,2,150,18.469731,2770.45965,Low,Low Quality Less Expensive
6310,North Pittsburgh/Rte 19,38300.0,2,87,15.318987,1332.751869,Low,Low Quality Less Expensive
6313,North Platte,35820.0,2,3,21.471879712754813,64.41563913826444,Low,Low Quality Expensive
6318,North Providence,39300.0,2,12,17.418106,209.01727200000002,Low,Low Quality Less Expensive
6321,North Richmond County,12260.0,2,38,15.294748,581.200424,Low,Low Quality Less Expensive
6328,North SB County,42200.0,2,49,19.393759,950.294191,Low,Low Quality Less Expensive
6339,North Shadeland,26900.0,2,40,16.365613,654.62452,Low,Low Quality Less Expensive
6346,North Side/Rt 9 Corridor,43900.0,2,15,14.761387,221.42080499999997,Low,Low Quality Less Expensive
6352,North St Louis County,20260.0,2,9,18.260132,164.341188,Low,Low Quality Less Expensive
6357,North Toledo,45780.0,1,2,15.139096,30.278192,Low,Low Quality Less Expensive
6364,North Valley,10740.0,2,35,15.771567,552.0048449999999,Low,Low Quality Less Expensive
6367,North Vernon,35860.0,2,1,19.106569931802575,19.106569931802575,Low,Low Quality Less Expensive
6368,North Visalia,47300.0,2,2,15.983631,31.967262,Low,Low Quality Less Expensive
6369,North Washington,33340.0,2,9,15.498018,139.482162,Low,Low Quality Less Expensive
6371,North Wichita Falls MF,48660.0,2,1,15.950169753495311,15.950169753495311,Low,Low Quality Less Expensive
6373,North Wilkesboro,35900.0,2,16,14.08215905390989,225.31454486255825,Low,Low Quality Less Expensive
6376,North/Broadway,28940.0,2,67,17.418361,1167.030187,Low,Low Quality Less Expensive
6383,North/East Anaheim,11244.0,2,67,23.663542,1585.457314,Low,Low Quality Expensive
6387,North/Emory Road,28940.0,2,10,18.003003,180.03003,Low,Low Quality Less Expensive
6392,Northeast,12420.0,2,23,27.906007,641.838161,Low,Low Quality Expensive
6396,Northeast,17460.0,2,106,15.155619,1606.495614,Low,Low Quality Less Expensive
6404,Northeast,19780.0,2,3,17.31183,51.93549,Low,Low Quality Less Expensive
6407,Northeast,21340.0,2,8,18.600781,148.806248,Low,Low Quality Less Expensive
6413,Northeast,32820.0,2,53,16.633449,881.5727969999999,Low,Low Quality Less Expensive
6420,Northeast,40380.0,2,22,15.92084,350.25848,Low,Low Quality Less Expensive
6423,Northeast,41700.0,2,65,21.11945,1372.76425,Low,Low Quality Expensive
6427,Northeast,44180.0,2,29,15.114368,438.31667200000004,Low,Low Quality Less Expensive
6430,Northeast,46140.0,2,19,14.62026,277.78494,Low,Low Quality Less Expensive
6433,Northeast,47900.0,2,16,29.87718,478.03488,Low,Low Quality Expensive
6442,Northeast Bakersfield,12540.0,2,12,17.925373,215.104476,Low,Low Quality Less Expensive
6444,Northeast Butterfield Trail,21340.0,2,2,16.167629,32.335258,Low,Low Quality Less Expensive
6446,Northeast Central Dayton,19380.0,2,16,13.401212,214.419392,Low,Low Quality Less Expensive
6448,Northeast Charlottesville MF,16820.0,2,7,20.947462223674034,146.63223556571825,Low,Low Quality Expensive
6451,Northeast Columbia,17900.0,2,29,20.114944,583.333376,Low,Low Quality Expensive
6455,Northeast Dade,33124.0,2,79,30.13794,2380.89726,Low,Low Quality Expensive
6465,Northeast Grand Rapids,24340.0,2,28,16.698753,467.565084,Low,Low Quality Less Expensive
6469,Northeast Heights,10740.0,2,67,13.69517,917.57639,Low,Low Quality Less Expensive
6472,Northeast Ithaca MF,27060.0,2,1,22.20524264132823,22.20524264132823,Low,Low Quality Expensive
6477,Northeast Johnson County,28140.0,2,136,18.483099,2513.7014639999998,Low,Low Quality Less Expensive
6491,Northeast Near,26420.0,2,13,19.448819,252.83464700000002,Low,Low Quality Less Expensive
6494,Northeast Omaha,36540.0,2,5,16.007548,80.03774,Low,Low Quality Less Expensive
6497,Northeast Outlier,26420.0,2,12,22.481967,269.783604,Low,Low Quality Expensive
6500,Northeast Philadelphia,37980.0,2,75,22.288346,1671.62595,Low,Low Quality Expensive
6504,Northeast Pittsburgh,38300.0,2,60,14.405015,864.3009000000001,Low,Low Quality Less Expensive
6508,Northeast Queens,35614.0,2,52,39.577073,2058.007796,Low,Low Quality Expensive
6512,Northeast Roanoke,40220.0,2,17,14.32609,243.54353,Low,Low Quality Less Expensive
6515,Northeast Tampa,45300.0,2,76,19.947003,1515.9722279999999,Low,Low Quality Less Expensive
6526,Northern Muskegon County,34740.0,2,5,17.355396,86.77698,Low,Low Quality Less Expensive
6529,Northern Nassau,35004.0,2,28,25.852644,723.874032,Low,Low Quality Expensive
6532,Northern Ottawa County,24340.0,2,6,15.789089,94.734534,Low,Low Quality Less Expensive
6539,Northlake/Lavista,12060.0,2,80,19.138247,1531.05976,Low,Low Quality Less Expensive
6542,Northport MF,22020.0,2,1,13.680621069219075,13.680621069219075,Low,Low Quality Less Expensive
6543,Northside,40060.0,1,5,16.874086,84.37043,Low,Low Quality Less Expensive
6546,Northside Dr/Georgia Tech,12060.0,2,25,22.717635,567.940875,Low,Low Quality Expensive
6549,Northside MF,26980.0,2,1,27.4325499588709,27.4325499588709,Low,Low Quality Expensive
6551,Northside/Airport,21780.0,2,10,14.502172,145.02172,Low,Low Quality Less Expensive
6562,Northwest,18580.0,2,7,18.279952,127.959664,Low,Low Quality Less Expensive
6565,Northwest,19780.0,2,23,17.026573,391.611179,Low,Low Quality Less Expensive
6572,Northwest,35614.0,2,46,26.063311,1198.912306,Low,Low Quality Expensive
6580,Northwest,40380.0,2,23,13.658727,314.15072100000003,Low,Low Quality Less Expensive
6587,Northwest,44180.0,2,7,13.574152,95.019064,Low,Low Quality Less Expensive
6590,Northwest,46140.0,2,2,15.074079,30.148158,Low,Low Quality Less Expensive
6591,Northwest,48620.0,2,12,14.072083,168.864996,Low,Low Quality Less Expensive
6596,Northwest Charlotte,16740.0,2,12,24.152928,289.835136,Low,Low Quality Expensive
6600,Northwest City,16980.0,2,138,19.976526,2756.760588,Low,Low Quality Less Expensive
6604,Northwest Denver,19740.0,2,101,17.692188,1786.910988,Low,Low Quality Less Expensive
6613,Northwest Gainesville MF,23540.0,2,63,17.601106963440174,1108.869738696731,Low,Low Quality Less Expensive
6617,Northwest Jacksonville,27260.0,2,16,17.097972,273.567552,Low,Low Quality Less Expensive
6620,Northwest Johnson County,28140.0,2,62,17.589078,1090.522836,Low,Low Quality Less Expensive
6637,Northwest Omaha,36540.0,2,28,15.667995,438.70385999999996,Low,Low Quality Less Expensive
6644,Northwest Outlying,25540.0,2,9,19.11962,172.07658,Low,Low Quality Less Expensive
6646,Northwest Outlying,38060.0,2,6,18.679998,112.07998800000001,Low,Low Quality Less Expensive
6649,Northwest Philadelphia,37980.0,2,51,21.601499,1101.676449,Low,Low Quality Expensive
6652,Northwest Phoenix,38060.0,2,144,17.380334,2502.7680960000002,Low,Low Quality Less Expensive
6661,Northwest Roanoke,40220.0,2,20,14.457783,289.15566,Low,Low Quality Less Expensive
6668,Northwest Tampa,45300.0,2,237,19.737252,4677.7287240000005,Low,Low Quality Less Expensive
6673,Northwest Visalia,47300.0,2,10,19.963337,199.63336999999999,Low,Low Quality Less Expensive
6675,Norton Shores,34740.0,2,8,16.723513,133.788104,Low,Low Quality Less Expensive
6678,Norwalk,14860.0,2,54,23.861821,1288.5383339999998,Low,Low Quality Expensive
6682,Norwich-New London,35980.0,2,7,22.22088725670459,155.54621079693212,Low,Low Quality Expensive
6692,Oak Harbor,36020.0,2,8,21.480431795681,171.843454365448,Low,Low Quality Expensive
6694,Oak Park Area,16980.0,2,30,19.743238,592.29714,Low,Low Quality Less Expensive
6698,Oakland,38300.0,2,18,17.394326,313.097868,Low,Low Quality Less Expensive
6702,Oakland-Downtown,36084.0,2,61,43.767434,2669.813474,Low,Low Quality Expensive
6707,Oakland-Hayward-Berkeley,36084.0,2,68,27.455704710999463,1866.9879203479634,Low,Low Quality Expensive
6711,Oakland-North,36084.0,2,60,35.679001,2140.74006,Low,Low Quality Expensive
6717,Oakland-South/Airport,36084.0,2,36,28.149555,1013.38398,Low,Low Quality Expensive
6721,Oakland-West,36084.0,2,4,34.091864,136.367456,Low,Low Quality Expensive
6727,Ocala,36100.0,2,3,20.67907729674356,62.037231890230686,Low,Low Quality Expensive
6730,Ocean City,36140.0,2,18,21.58995021063822,388.619103791488,Low,Low Quality Expensive
6735,Ocean County,35614.0,2,142,23.62048,3354.10816,Low,Low Quality Expensive
6738,Oceanfront,47260.0,2,10,18.494838,184.94838000000001,Low,Low Quality Less Expensive
6742,Oceanside,41740.0,2,36,26.708257,961.497252,Low,Low Quality Expensive
6744,Oconto County,24580.0,2,2,14.58188,29.16376,Low,Low Quality Less Expensive
6746,Odessa,36220.0,2,26,16.78143983804179,436.3174357890866,Low,Low Quality Less Expensive
6759,Ogdensburg-Massena,36300.0,2,3,16.25578743748309,48.767362312449265,Low,Low Quality Less Expensive
6761,Ohio County,17140.0,2,2,14.720306,29.440612,Low,Low Quality Less Expensive
6762,Oil City,36340.0,2,4,18.17876861507426,72.71507446029705,Low,Low Quality Less Expensive
6765,Ojai/NW County,37100.0,2,3,27.064118,81.192354,Low,Low Quality Expensive
6767,Okeechobee,36380.0,2,8,17.172717418531086,137.3817393482487,Low,Low Quality Less Expensive
6770,Oklahoma City,36420.0,2,26,15.974339393882637,415.3328242409486,Low,Low Quality Less Expensive
6775,Old Louisville,31140.0,2,38,14.746443,560.364834,Low,Low Quality Less Expensive
6778,Old Mill,36540.0,2,17,16.368926,278.27174199999996,Low,Low Quality Less Expensive
6781,Old North End MF,15540.0,2,3,21.731762150760122,65.19528645228037,Low,Low Quality Expensive
6786,Old Town,47300.0,2,10,19.286863,192.86863,Low,Low Quality Less Expensive
6789,Old Town Alexandria,47900.0,2,111,29.128849,3233.302239,Low,Low Quality Expensive
6796,Old Twn/S Arena/Pt Loma,41740.0,2,40,28.564405,1142.5762,Low,Low Quality Expensive
6799,Oldham County,31140.0,2,10,16.009696,160.09696000000002,Low,Low Quality Less Expensive
6802,Olean,36460.0,2,6,20.15490455518386,120.92942733110317,Low,Low Quality Expensive
6808,Olympic Corridor,31084.0,2,32,44.271591,1416.690912,Low,Low Quality Expensive
6811,Omaha-Council Bluffs,36540.0,2,13,23.567727149007357,306.38045293709564,Low,Low Quality Expensive
6816,Ontario,36620.0,2,6,17.52974879749643,105.17849278497859,Low,Low Quality Less Expensive
6819,Opelousas,36660.0,2,8,16.856338624337006,134.85070899469605,Low,Low Quality Less Expensive
6821,Orange,35300.0,2,8,19.784045,158.27236,Low,Low Quality Less Expensive
6824,Orange County,13140.0,2,4,12.811422,51.245688,Low,Low Quality Less Expensive
6830,Orange Park/Clay County,27260.0,2,59,17.369461,1024.798199,Low,Low Quality Less Expensive
6834,Orangeburg,36700.0,2,15,15.218032663746378,228.27048995619566,Low,Low Quality Less Expensive
6837,Orangetown,35614.0,2,13,26.957574,350.448462,Low,Low Quality Expensive
6844,Oregon City,38900.0,2,18,21.378746,384.817428,Low,Low Quality Expensive
6846,Oregon West Area HOS,18300.0,2,1,18.40842144,18.40842144,Low,Low Quality Less Expensive
6856,Orlando-Kissimmee-Sanford,36740.0,2,67,23.7463762835151,1591.0072109955117,Low,Low Quality Expensive
6859,Orleans County,40380.0,2,1,14.65285,14.65285,Low,Low Quality Less Expensive
6861,Ormond Beach,19660.0,2,24,17.971229,431.309496,Low,Low Quality Less Expensive
6868,Oshkosh-Neenah,36780.0,2,37,17.174663120882332,635.4625354726463,Low,Low Quality Less Expensive
6870,Oskaloosa,36820.0,2,1,16.241308007577206,16.241308007577206,Low,Low Quality Less Expensive
6871,Oswego County,45060.0,2,10,15.337134,153.37134,Low,Low Quality Less Expensive
6875,Othello,36830.0,2,2,30.688479407261514,61.37695881452303,Low,Low Quality Expensive
6877,Otsego County,36580.0,2,4,17.169093,68.676372,Low,Low Quality Less Expensive
6880,Ottawa,36840.0,2,2,15.138806,30.277612,Low,Low Quality Less Expensive
6881,Ottawa County,38840.0,2,6,15.286268,91.717608,Low,Low Quality Less Expensive
6882,Ottawa-Peru,36860.0,1,1,18.465490383681274,18.465490383681274,Low,Low Quality Less Expensive
6885,Outagamie County,11540.0,2,71,17.48603,1241.50813,Low,Low Quality Less Expensive
6889,Outer Chester County,37980.0,2,33,20.860043,688.381419,Low,Low Quality Expensive
6892,Outer El Dorado County,40900.0,2,13,20.687705,268.94016500000004,Low,Low Quality Expensive
6896,Outer Jefferson Parish,35380.0,2,6,17.527569,105.165414,Low,Low Quality Less Expensive
6899,Outer Placer County,40900.0,2,7,19.033546,133.234822,Low,Low Quality Less Expensive
6902,Outer Rensselaer County,10580.0,2,26,15.905481,413.542506,Low,Low Quality Less Expensive
6904,Outer Sacramento County,40900.0,2,1,20.208083,20.208083,Low,Low Quality Expensive
6908,Outer South Kansas City,28140.0,2,6,16.554509,99.327054,Low,Low Quality Less Expensive
6911,Outlying Aiken County,12260.0,2,28,16.669206,466.73776799999996,Low,Low Quality Less Expensive
6914,Outlying Allegan County,26090.0,2,11,15.029424,165.323664,Low,Low Quality Less Expensive
6921,Outlying Bell County,28660.0,2,10,16.576145,165.76145,Low,Low Quality Less Expensive
6924,Outlying Benton County,22220.0,2,21,17.399955,365.399055,Low,Low Quality Less Expensive
6926,Outlying Berkeley County,16700.0,2,32,20.641485,660.52752,Low,Low Quality Expensive
6929,Outlying Bibb County,31420.0,2,32,14.558624,465.875968,Low,Low Quality Less Expensive
6932,Outlying Boyd County,26580.0,2,1,14.949309,14.949309,Low,Low Quality Less Expensive
6933,Outlying Calhoun County,17900.0,2,3,18.326397,54.979191,Low,Low Quality Less Expensive
6936,Outlying Chambers County,26420.0,2,2,22.807338,45.614676,Low,Low Quality Expensive
6941,Outlying Chattanooga,16860.0,2,64,16.869181,1079.627584,Low,Low Quality Less Expensive
6948,Outlying Cincinnati East,17140.0,2,5,14.06769,70.33845000000001,Low,Low Quality Less Expensive
6951,Outlying Clark County,31140.0,1,2,14.994983,29.989966,Low,Low Quality Less Expensive
6956,Outlying Clinton County,29620.0,1,2,15.758464,31.516928,Low,Low Quality Less Expensive
6967,Outlying Coryell County,28660.0,2,4,15.804459,63.217836,Low,Low Quality Less Expensive
6968,Outlying Dallas County,19780.0,2,1,16.395508,16.395508,Low,Low Quality Less Expensive
6969,Outlying Dane East,31540.0,2,12,16.799359,201.592308,Low,Low Quality Less Expensive
6972,Outlying Dane West,31540.0,2,9,16.503904,148.535136,Low,Low Quality Less Expensive
6975,Outlying Delaware County,18140.0,2,44,18.35133,807.45852,Low,Low Quality Less Expensive
6977,Outlying Denton County,19100.0,2,7,23.672769,165.709383,Low,Low Quality Expensive
6982,Outlying Eaton County,29620.0,2,11,15.472638,170.199018,Low,Low Quality Less Expensive
6984,Outlying El Paso County,21340.0,2,4,18.829248,75.316992,Low,Low Quality Less Expensive
6987,Outlying Elkhart County,21140.0,2,28,15.290577,428.136156,Low,Low Quality Less Expensive
6994,Outlying Erie County,15380.0,2,14,16.308231,228.31523399999998,Low,Low Quality Less Expensive
6997,Outlying Erie County,21500.0,2,34,13.524951,459.84833399999997,Low,Low Quality Less Expensive
7000,Outlying Floyd County,31140.0,2,9,15.309987,137.789883,Low,Low Quality Less Expensive
7002,Outlying Greene County,44180.0,2,6,17.443594,104.661564,Low,Low Quality Less Expensive
7004,Outlying Hamilton County,16860.0,2,12,16.665804,199.98964800000002,Low,Low Quality Less Expensive
7008,Outlying Harford County,12580.0,2,91,20.136084,1832.383644,Low,Low Quality Expensive
7012,Outlying Hidalgo County,32580.0,2,25,16.701916,417.5479,Low,Low Quality Less Expensive
7014,Outlying Hinds County,27140.0,2,12,13.684947,164.21936399999998,Low,Low Quality Less Expensive
7018,Outlying Horry County,34820.0,2,44,15.799894,695.195336,Low,Low Quality Less Expensive
7023,Outlying KC MO,28140.0,2,2,16.819594,33.639188,Low,Low Quality Less Expensive
7025,Outlying Kanawha County,16620.0,2,31,11.90413,369.02803,Low,Low Quality Less Expensive
7027,Outlying Kaufman County,19100.0,2,1,20.984149,20.984149,Low,Low Quality Expensive
7029,Outlying Kent County,24340.0,2,18,16.518069,297.325242,Low,Low Quality Less Expensive
7031,Outlying Kings County,25260.0,2,1,17.658655,17.658655,Low,Low Quality Less Expensive
7033,Outlying Lafayette Parish,29180.0,2,5,16.366708,81.83354,Low,Low Quality Less Expensive
7035,Outlying Larimer County,22660.0,2,6,20.703999,124.223994,Low,Low Quality Expensive
7038,Outlying Lexington County,17900.0,2,5,17.771191,88.85595500000001,Low,Low Quality Less Expensive
7042,Outlying Madera County,31460.0,2,6,15.379113,92.274678,Low,Low Quality Less Expensive
7049,Outlying Marion County,36100.0,2,24,18.231009,437.544216,Low,Low Quality Less Expensive
7051,Outlying Merced County,32900.0,2,1,16.654688,16.654688,Low,Low Quality Less Expensive
7053,Outlying Mobile County,33660.0,2,24,13.885686,333.256464,Low,Low Quality Less Expensive
7056,Outlying Montgmery Cnty E,47900.0,2,15,29.492666,442.38999,Low,Low Quality Expensive
7059,Outlying Montgmery Cnty W,47900.0,2,6,27.7919,166.7514,Low,Low Quality Expensive
7062,Outlying Montgomery Cnty,26420.0,2,20,22.057745,441.1549,Low,Low Quality Expensive
7064,Outlying Montgomery Cnty,33860.0,2,3,13.388228,40.164684,Low,Low Quality Less Expensive
7067,Outlying N Kentucky,17140.0,2,29,15.981732,463.47022799999996,Low,Low Quality Less Expensive
7071,Outlying Niagara County,15380.0,2,16,13.137496,210.199936,Low,Low Quality Less Expensive
7073,Outlying Oneida County,46540.0,2,15,14.490596,217.35894,Low,Low Quality Less Expensive
7077,Outlying Ontario County,40380.0,2,13,14.431358,187.607654,Low,Low Quality Less Expensive
7079,Outlying PG County South,47900.0,2,2,26.947212,53.894424,Low,Low Quality Expensive
7080,Outlying Peoria County,37900.0,2,2,12.032173,24.064346,Low,Low Quality Less Expensive
7082,Outlying Pickens County,24860.0,2,20,14.46412,289.2824,Low,Low Quality Less Expensive
7086,Outlying Pulaski County,30780.0,2,36,15.981831,575.345916,Low,Low Quality Less Expensive
7088,Outlying Rankin County,27140.0,2,13,13.67722,177.80386000000001,Low,Low Quality Less Expensive
7091,Outlying S Clark County,29820.0,2,6,18.201195,109.20716999999999,Low,Low Quality Less Expensive
7093,Outlying SD County N,41740.0,2,18,23.99329,431.87922,Low,Low Quality Expensive
7096,Outlying SD County S,41740.0,2,4,27.001806,108.007224,Low,Low Quality Expensive
7100,Outlying Salt Lake County,41620.0,2,2,17.318264,34.636528,Low,Low Quality Less Expensive
7103,Outlying Santa Cruz Cnty,42100.0,2,7,25.163968,176.147776,Low,Low Quality Expensive
7113,Outlying Sheboygan,43100.0,2,1,16.011116,16.011116,Low,Low Quality Less Expensive
7115,Outlying St Joseph County,43780.0,2,10,18.54053,185.4053,Low,Low Quality Less Expensive
7117,Outlying Sta Barbara Cnty,42200.0,2,2,20.923179,41.846358,Low,Low Quality Expensive
7118,Outlying Summit County,44920.0,2,1,29.812402,29.812402,Low,Low Quality Expensive
7121,Outlying Tazewell County,37900.0,2,13,12.605421,163.870473,Low,Low Quality Less Expensive
7123,Outlying Thurston County,36500.0,2,1,19.947865,19.947865,Low,Low Quality Less Expensive
7124,Outlying Waller County,26420.0,2,4,21.581901,86.327604,Low,Low Quality Expensive
7126,Outlying Warren County,17140.0,2,33,15.296563,504.786579,Low,Low Quality Less Expensive
7131,Outlying Whitley County,23060.0,2,1,14.200908,14.200908,Low,Low Quality Less Expensive
7133,Outlying Worcester,49340.0,2,64,17.319998,1108.479872,Low,Low Quality Less Expensive
7135,Outlying Yakima County,49420.0,2,3,20.835212,62.505635999999996,Low,Low Quality Expensive
7137,Outside Metro North,44060.0,2,3,20.439564,61.318692,Low,Low Quality Expensive
7139,Owatonna,36940.0,2,10,16.726081195152698,167.260811951527,Low,Low Quality Less Expensive
7142,Owensboro,36980.0,2,13,17.958261921509397,233.45740497962217,Low,Low Quality Less Expensive
7144,Owosso,37020.0,2,5,24.460768321876674,122.30384160938337,Low,Low Quality Expensive
7147,Oxford,37080.0,2,4,16.667390160081926,66.6695606403277,Low,Low Quality Less Expensive
7149,Oxnard-Thousand Oaks-Ventura,37100.0,2,13,31.48734778611071,409.3355212194392,Low,Low Quality Expensive
7153,Oxnard/Port Hueneme,37100.0,2,50,22.604242,1130.2121,Low,Low Quality Expensive
7157,Oyster Point,47260.0,2,73,15.109825,1103.017225,Low,Low Quality Less Expensive
7162,Ozark,37120.0,2,4,17.23876786065277,68.95507144261109,Low,Low Quality Less Expensive
7164,PB/Rose Canyon/Morena,41740.0,2,45,28.783689,1295.266005,Low,Low Quality Expensive
7166,Pacific Grove,41500.0,2,5,25.04086,125.20429999999999,Low,Low Quality Expensive
7169,Pacific Palisades/Malibu,31084.0,2,11,54.968509,604.653599,Low,Low Quality Expensive
7177,Palatka,37260.0,2,10,14.738688164628655,147.38688164628655,Low,Low Quality Less Expensive
7178,Palestine,37300.0,2,5,17.484590501337617,87.42295250668809,Low,Low Quality Less Expensive
7181,Palisades,35614.0,2,36,26.115354,940.152744,Low,Low Quality Expensive
7184,Palm Bay-Melbourne-Titusville,37340.0,2,12,21.079478632493203,252.95374358991842,Low,Low Quality Expensive
7197,Palm Springs/Lake Worth,48424.0,2,23,26.022941,598.527643,Low,Low Quality Expensive
7203,Pampa,37420.0,2,7,18.621465776548796,130.35026043584156,Low,Low Quality Less Expensive
7208,Panorama/Highland Park,19740.0,2,18,20.405226,367.294068,Low,Low Quality Expensive
7216,Paragould,37500.0,2,2,14.717894828132701,29.435789656265403,Low,Low Quality Less Expensive
7221,Parham South,40060.0,2,23,17.081474,392.873902,Low,Low Quality Less Expensive
7224,Paris,37580.0,2,5,19.589668825921507,97.94834412960753,Low,Low Quality Less Expensive
7230,Park City/North,48620.0,1,1,11.493084,11.493084,Low,Low Quality Less Expensive
7232,Park County,19740.0,2,2,19.816921,39.633842,Low,Low Quality Less Expensive
7234,Park East,41740.0,2,4,27.045747,108.182988,Low,Low Quality Expensive
7240,Park Road,16740.0,2,19,22.844719,434.049661,Low,Low Quality Expensive
7243,Parkcenter Area,11244.0,2,102,25.730162,2624.476524,Low,Low Quality Expensive
7247,Parker County,19100.0,2,18,22.125951,398.267118,Low,Low Quality Expensive
7254,Parkersburg-Vienna,37620.0,2,17,13.578516790960814,230.83478544633383,Low,Low Quality Less Expensive
7257,Parkway Cranford Corridor,35084.0,2,84,21.799964,1831.196976,Low,Low Quality Expensive
7261,Parkway East Corridor,38300.0,2,71,13.64677,968.92067,Low,Low Quality Less Expensive
7275,Pasadena,31084.0,2,206,32.269022,6647.418532,Low,Low Quality Expensive
7286,Passaic Urban Region,35614.0,2,21,22.294181,468.177801,Low,Low Quality Expensive
7289,Pawnee County,46140.0,2,1,13.324031,13.324031,Low,Low Quality Less Expensive
7291,Pawtucket,39300.0,2,18,16.477665,296.59797,Low,Low Quality Less Expensive
7297,Peabody/Salem,14460.0,2,53,20.600149,1091.807897,Low,Low Quality Expensive
7301,Pelham Road,24860.0,2,56,18.170002,1017.520112,Low,Low Quality Less Expensive
7309,Pellissippi/Lovell,28940.0,2,57,18.699738,1065.885066,Low,Low Quality Less Expensive
7312,Pendleton County,17140.0,2,1,15.787652,15.787652,Low,Low Quality Less Expensive
7313,Peninsula Coastline,41884.0,2,14,41.398902,579.584628,Low,Low Quality Expensive
7320,Pennsylvania Ave Corridor,47900.0,2,14,23.86062,334.04868,Low,Low Quality Expensive
7322,Pensacola Beach,37860.0,2,1,19.34043,19.34043,Low,Low Quality Less Expensive
7334,Perry County,30780.0,2,3,14.568015,43.704045,Low,Low Quality Less Expensive
7335,Perry/Warner Robins HOS,47580.0,2,1,15.8788901116224,15.8788901116224,Low,Low Quality Less Expensive
7337,Perrysburg/Northwood,45780.0,2,39,16.923977,660.035103,Low,Low Quality Less Expensive
7340,Person County,20500.0,2,3,19.404222,58.212666,Low,Low Quality Less Expensive
7341,Peru,37940.0,1,2,21.26564004905545,42.5312800981109,Low,Low Quality Expensive
7344,Petaluma/Cotati/Rohnert,42220.0,2,50,22.272107,1113.6053499999998,Low,Low Quality Expensive
7348,Pettigru,24860.0,2,33,17.656744,582.672552,Low,Low Quality Less Expensive
7350,Pharr,32580.0,2,8,15.396388,123.171104,Low,Low Quality Less Expensive
7353,Phenix City,17980.0,2,3,14.964933,44.894799,Low,Low Quality Less Expensive
7361,Phoenix-Mesa-Scottsdale,38060.0,2,73,21.86582067206494,1596.2049090607406,Low,Low Quality Expensive
7364,Picayune,38100.0,2,3,18.605942259942776,55.81782677982832,Low,Low Quality Less Expensive
7367,Pickaway County,18140.0,2,6,17.166337,102.99802199999999,Low,Low Quality Less Expensive
7368,Pickens County,12060.0,2,7,18.370141,128.590987,Low,Low Quality Less Expensive
7370,Pierce County,33460.0,2,2,20.537723,41.075446,Low,Low Quality Expensive
7372,Pierre,38180.0,2,14,14.972532252293215,209.615451532105,Low,Low Quality Less Expensive
7375,Piestewa Peak Corridor,38060.0,2,27,20.754862,560.381274,Low,Low Quality Expensive
7378,Pike County,35084.0,2,2,21.792029,43.584058,Low,Low Quality Expensive
7380,Pinal County,38060.0,2,32,19.495819,623.866208,Low,Low Quality Less Expensive
7386,Pinehurst-Southern Pines,38240.0,2,29,16.940719698943767,491.28087126936924,Low,Low Quality Less Expensive
7392,Pittsburg,38260.0,2,4,14.32571570903297,57.30286283613188,Low,Low Quality Less Expensive
7394,Pittsburgh,38300.0,2,75,20.380345311829444,1528.5258983872084,Low,Low Quality Expensive
7398,Pittsfield,38340.0,2,12,18.128790540455388,217.54548648546466,Low,Low Quality Less Expensive
7401,Placentia/Yorba Linda,11244.0,2,18,25.543909,459.79036199999996,Low,Low Quality Expensive
7404,Plainview,38380.0,2,3,16.466617789386987,49.39985336816096,Low,Low Quality Less Expensive
7405,Plainview/Middletown,31140.0,2,27,15.319016,413.613432,Low,Low Quality Less Expensive
7417,Plaquemines Parish,35380.0,2,2,16.625173,33.250346,Low,Low Quality Less Expensive
7423,Platteville,38420.0,2,3,11.164057267449033,33.4921718023471,Low,Low Quality Less Expensive
7426,Plattsburgh,38460.0,2,5,19.03954764252004,95.1977382126002,Low,Low Quality Less Expensive
7434,Plaza Midwood/NoDa,16740.0,2,40,21.856964,874.2785600000001,Low,Low Quality Expensive
7441,Plymouth,38500.0,2,7,14.55631388834423,101.8941972184096,Low,Low Quality Less Expensive
7447,Pocatello,38540.0,2,19,13.090889968006326,248.7269093921202,Low,Low Quality Less Expensive
7452,Pointe Coupee Parish,12940.0,2,2,15.487674,30.975348,Low,Low Quality Less Expensive
7459,Polk County,29460.0,2,189,18.312265,3461.018085,Low,Low Quality Less Expensive
7465,Polk County,44180.0,2,4,15.577847,62.311388,Low,Low Quality Less Expensive
7468,Pompano Beach,22744.0,2,86,22.098163,1900.442018,Low,Low Quality Expensive
7472,Ponca City,38620.0,2,6,15.977973370171824,95.86784022103095,Low,Low Quality Less Expensive
7477,Pontiac,38700.0,1,1,14.775016906653656,14.775016906653656,Low,Low Quality Less Expensive
7479,Poplar Bluff,38740.0,2,4,16.95942993392917,67.83771973571668,Low,Low Quality Less Expensive
7481,Poquoson,47260.0,2,4,14.931965,59.72786,Low,Low Quality Less Expensive
7482,Port,48900.0,2,4,17.590014,70.360056,Low,Low Quality Less Expensive
7483,Port Angeles,38820.0,2,9,19.03302348821266,171.29721139391393,Low,Low Quality Less Expensive
7485,Port Arthur,13140.0,2,9,18.347905,165.131145,Low,Low Quality Less Expensive
7488,Port Orchard,14740.0,2,10,17.185943,171.85943000000003,Low,Low Quality Less Expensive
7491,Port St Lucie,38940.0,2,60,19.196712,1151.8027200000001,Low,Low Quality Less Expensive
7494,Port Wentworth,42340.0,2,1,17.546058,17.546058,Low,Low Quality Less Expensive
7496,Portage County,10420.0,2,26,12.096928,314.520128,Low,Low Quality Less Expensive
7500,Porter County,16980.0,2,46,16.9475,779.585,Low,Low Quality Less Expensive
7503,Porterville,47300.0,2,9,14.751262,132.761358,Low,Low Quality Less Expensive
7505,Portland-South Portland,38860.0,2,9,18.584789522488112,167.263105702393,Low,Low Quality Less Expensive
7509,Portland-Vancouver-Hillsboro,38900.0,2,32,20.674973495504233,661.5991518561354,Low,Low Quality Expensive
7513,Portland/Ingleside,18580.0,2,7,17.785742,124.500194,Low,Low Quality Less Expensive
7516,Portsmouth,39020.0,2,4,14.833254126050392,59.33301650420157,Low,Low Quality Less Expensive
7518,Portsmouth,47260.0,1,9,16.855596,151.70036399999998,Low,Low Quality Less Expensive
7527,Post Rd/Glenn,11260.0,2,1,21.874227,21.874227,Low,Low Quality Expensive
7529,Poulsbo,14740.0,2,8,22.940876,183.527008,Low,Low Quality Expensive
7532,Poway,41740.0,2,21,27.73014,582.33294,Low,Low Quality Expensive
7535,Powdersville/Easley,24860.0,2,12,16.97928,203.75135999999998,Low,Low Quality Less Expensive
7537,Powhatan,40060.0,2,5,16.84648,84.2324,Low,Low Quality Less Expensive
7539,Prairie West MF,13900.0,2,1,15.817401643530587,15.817401643530587,Low,Low Quality Less Expensive
7541,Prattville/Millbrook,33860.0,2,14,13.36226,187.07164,Low,Low Quality Less Expensive
7543,Prescott,39140.0,2,54,18.532478488698544,1000.7538383897214,Low,Low Quality Less Expensive
7550,Pretty Bayou MF,37460.0,2,7,17.15458773791093,120.08211416537651,Low,Low Quality Less Expensive
7553,Price,39220.0,2,1,19.09789809665882,19.09789809665882,Low,Low Quality Less Expensive
7554,Prichard/Saraland,33660.0,2,4,13.746323,54.985292,Low,Low Quality Less Expensive
7556,Prince George,40060.0,2,9,17.345037,156.105333,Low,Low Quality Less Expensive
7558,Princess Anne,47260.0,2,9,18.073737,162.663633,Low,Low Quality Less Expensive
7563,Prineville,39260.0,2,1,19.61998352872984,19.61998352872984,Low,Low Quality Less Expensive
7565,Providence,39300.0,2,83,20.12487,1670.3642100000002,Low,Low Quality Expensive
7570,Providence-Warwick,39300.0,2,13,21.009961803887947,273.1295034505433,Low,Low Quality Expensive
7576,Pueblo,39380.0,2,41,14.903909909728288,611.0603062988598,Low,Low Quality Less Expensive
7579,Pullman,39420.0,2,9,17.9434349244463,161.4909143200167,Low,Low Quality Less Expensive
7582,Punta Gorda,39460.0,2,1,36.01049644832396,36.01049644832396,Low,Low Quality Expensive
7584,Putnam County,26580.0,2,33,15.551545,513.2009850000001,Low,Low Quality Less Expensive
7588,Putnam County,26900.0,2,2,16.703288,33.406576,Low,Low Quality Less Expensive
7591,Puyallup,42660.0,2,27,26.14482,705.91014,Low,Low Quality Expensive
7593,Quantico Marine Base,47900.0,2,1,28.754873,28.754873,Low,Low Quality Expensive
7595,Queen Anne's County,12580.0,2,21,18.57521,390.07940999999994,Low,Low Quality Less Expensive
7602,Queensgate,17140.0,2,17,16.081889,273.392113,Low,Low Quality Less Expensive
7605,Quincy,39500.0,2,5,13.843427388791799,69.21713694395899,Low,Low Quality Less Expensive
7623,Racine East,39540.0,2,37,15.232446,563.600502,Low,Low Quality Less Expensive
7626,Racine West,39540.0,2,5,16.053586,80.26792999999999,Low,Low Quality Less Expensive
7627,Raeford,22180.0,2,5,15.80011,79.00055,Low,Low Quality Less Expensive
7629,Raleigh,39580.0,2,44,23.69641867367384,1042.642421641649,Low,Low Quality Expensive
7634,Ramapo,35614.0,2,17,27.3969,465.7473,Low,Low Quality Expensive
7641,Rapid City,39660.0,2,24,16.384645819023365,393.2314996565608,Low,Low Quality Less Expensive
7646,Reading/Roselawn,17140.0,1,5,15.538913,77.69456500000001,Low,Low Quality Less Expensive
7650,Red Bluff,39780.0,2,3,24.15768418521652,72.47305255564956,Low,Low Quality Expensive
7653,Red Wing,39860.0,2,12,17.14670832633886,205.76049991606632,Low,Low Quality Less Expensive
7655,Redding,39820.0,2,61,15.938091420560538,972.2235766541928,Low,Low Quality Less Expensive
7660,Redding/Chico HOS,39780.0,2,1,20.07947593547712,20.07947593547712,Low,Low Quality Expensive
7670,Redwood City,41884.0,2,62,56.383164,3495.756168,Low,Low Quality Expensive
7685,Renton/Tukwila,42660.0,2,55,26.267132,1444.69226,Low,Low Quality Expensive
7698,Rexburg,39940.0,2,7,14.896080619571068,104.27256433699748,Low,Low Quality Less Expensive
7705,Richland County,31900.0,2,31,13.543978,419.863318,Low,Low Quality Less Expensive
7707,Richmond,39980.0,2,10,15.894342338401852,158.94342338401853,Low,Low Quality Less Expensive
7714,Richmond-Berea,40080.0,2,18,14.987626371730272,269.7772746911449,Low,Low Quality Less Expensive
7717,Richmond/Fountainview,26420.0,2,22,20.5719,452.5818,Low,Low Quality Expensive
7720,Richmond/San Pablo,36084.0,2,31,35.676731,1105.9786609999999,Low,Low Quality Expensive
7725,Rincon/South Beach,41884.0,2,41,58.749825,2408.7428250000003,Low,Low Quality Expensive
7728,Rio Grande City,40100.0,2,3,20.039406366277287,60.11821909883186,Low,Low Quality Expensive
7730,Rio Linda/N Highlands,40900.0,2,7,20.14641,141.02487,Low,Low Quality Expensive
7733,Rio Rancho,10740.0,2,31,15.322889,475.009559,Low,Low Quality Less Expensive
7746,Rivergate/Hendersonville,34980.0,2,88,19.697964,1733.4208319999998,Low,Low Quality Less Expensive
7750,Riverside,27260.0,2,66,18.77893,1239.4093799999998,Low,Low Quality Less Expensive
7754,Riverside,40140.0,2,134,19.433878,2604.139652,Low,Low Quality Less Expensive
7757,Riverside Outlying,40140.0,2,1,18.381808,18.381808,Low,Low Quality Less Expensive
7763,Riverwalk MF,33500.0,1,1,13.748088089908626,13.748088089908626,Low,Low Quality Less Expensive
7768,Roanoke,40220.0,2,5,15.786869216978966,78.93434608489483,Low,Low Quality Less Expensive
7771,Roanoke Rapids,40260.0,2,10,15.207831025320228,152.0783102532023,Low,Low Quality Less Expensive
7773,Robertson County,34980.0,2,7,21.405797,149.840579,Low,Low Quality Expensive
7777,Rochester,19820.0,2,43,19.133884,822.7570119999999,Low,Low Quality Less Expensive
7781,Rochester,40340.0,2,28,21.360870797385243,598.1043823267868,Low,Low Quality Expensive
7789,Rochester CBD,40380.0,2,24,13.988429,335.72229600000003,Low,Low Quality Less Expensive
7792,Rock County,27500.0,2,28,13.53599,379.00772,Low,Low Quality Less Expensive
7794,Rock Springs,40540.0,2,3,19.257361875913436,57.77208562774031,Low,Low Quality Less Expensive
7799,Rockingham,14460.0,2,132,20.27755,2676.6366000000003,Low,Low Quality Expensive
7802,Rockingham,40460.0,2,6,15.40755884295874,92.44535305775244,Low,Low Quality Less Expensive
7805,Rockingham County,24660.0,2,16,13.601513,217.624208,Low,Low Quality Less Expensive
7808,Rockport/N Aransas,18580.0,2,3,16.966447,50.89934099999999,Low,Low Quality Less Expensive
7822,Rocky Hill,25540.0,2,11,19.856325,218.41957499999998,Low,Low Quality Less Expensive
7826,Rocky Mount,40580.0,2,50,14.039664762038157,701.9832381019079,Low,Low Quality Less Expensive
7830,Rogers County,46140.0,2,9,14.832994,133.49694599999998,Low,Low Quality Less Expensive
7835,Rome,40660.0,2,39,12.835698840178127,500.59225476694695,Low,Low Quality Less Expensive
7840,Rose Hill MF,16820.0,1,1,13.189519624343275,13.189519624343275,Low,Low Quality Less Expensive
7842,Roseburg,40700.0,2,17,17.2958420765957,294.0293153021269,Low,Low Quality Less Expensive
7853,Round Rock,12420.0,2,78,33.543378,2616.383484,Low,Low Quality Expensive
7861,Route 1 South,14460.0,2,46,24.341599,1119.713554,Low,Low Quality Expensive
7865,Route 2 Corridor North,12580.0,2,34,18.244545,620.31453,Low,Low Quality Less Expensive
7867,Route 2 Corridor South,12580.0,2,30,20.842644,625.27932,Low,Low Quality Expensive
7870,Route 208 Corridor,35614.0,2,29,24.806222,719.380438,Low,Low Quality Expensive
7874,Route 22 East,35084.0,2,120,20.796234,2495.5480799999996,Low,Low Quality Expensive
7878,Route 22 West,35084.0,2,53,22.810478,1208.955334,Low,Low Quality Expensive
7882,Route 24,14460.0,2,49,22.000759,1078.037191,Low,Low Quality Expensive
7896,Route 287 West ,35084.0,2,19,20.040194,380.763686,Low,Low Quality Expensive
7904,Route 3 Corridor,14460.0,2,63,23.156747,1458.875061,Low,Low Quality Expensive
7908,Route 3 South,14460.0,2,80,20.738032,1659.04256,Low,Low Quality Expensive
7911,Route 3/GSP,35614.0,2,51,24.341622,1241.422722,Low,Low Quality Expensive
7930,Route 78 West,35084.0,2,19,19.252359,365.79482099999996,Low,Low Quality Less Expensive
7937,Route 83 Corridor South,12580.0,2,28,19.896381,557.0986680000001,Low,Low Quality Less Expensive
7941,Rowan County,16740.0,2,47,17.149913,806.045911,Low,Low Quality Less Expensive
7945,Roxbury/Dorchester,14460.0,2,21,32.625588,685.137348,Low,Low Quality Expensive
7948,Royal Oak,19820.0,2,95,19.555427,1857.7655650000002,Low,Low Quality Less Expensive
7954,Rt 101 Corridor,43900.0,2,2,14.957141,29.914282,Low,Low Quality Less Expensive
7955,Rt 288 Corridor,40060.0,2,24,17.748979,425.97549599999996,Low,Low Quality Less Expensive
7961,Rt 8/Winsted,45860.0,1,1,19.043376,19.043376,Low,Low Quality Less Expensive
7963,Ruidoso,40760.0,2,2,16.835643492040933,33.67128698408187,Low,Low Quality Less Expensive
7966,Russellville,40780.0,2,18,13.715341651794738,246.8761497323053,Low,Low Quality Less Expensive
7971,Rutherford County,34980.0,2,93,18.520148,1722.373764,Low,Low Quality Less Expensive
7975,Rutland,40860.0,2,9,17.124585574359525,154.12127016923571,Low,Low Quality Less Expensive
7981,S Central Alamance County,15500.0,2,7,16.201169,113.40818300000001,Low,Low Quality Less Expensive
7986,S Everett/Harbor Point,42660.0,2,27,25.781601,696.103227,Low,Low Quality Expensive
7993,S Grand Rapids/Kentwood,24340.0,2,26,14.851654,386.143004,Low,Low Quality Less Expensive
7995,S Independence/Holland Rd,47260.0,2,18,17.42387,313.62966,Low,Low Quality Less Expensive
7998,S Outlying Washoe County,39900.0,2,2,19.622262,39.244524,Low,Low Quality Less Expensive
8001,S Santa Barbara Coastal,42200.0,2,37,35.425457,1310.741909,Low,Low Quality Expensive
8008,S Snohomish County,42660.0,2,9,25.734514,231.610626,Low,Low Quality Expensive
8011,SE Alamance County,15500.0,2,1,17.98732,17.98732,Low,Low Quality Less Expensive
8013,SE Close-In,38900.0,2,33,23.467093,774.4140689999999,Low,Low Quality Expensive
8016,SE Forsyth County,49180.0,2,2,13.520396,27.040792,Low,Low Quality Less Expensive
8018,SE Grand Rapids/Cascade,24340.0,2,53,16.539538,876.595514,Low,Low Quality Less Expensive
8031,SE Litchfield County,45860.0,2,9,18.777812,169.00030800000002,Low,Low Quality Less Expensive
8034,SE New London,35980.0,2,16,20.107136,321.714176,Low,Low Quality Expensive
8037,SE North Metro,44060.0,2,21,19.338399,406.106379,Low,Low Quality Less Expensive
8045,SE Outer Onondaga County,45060.0,2,52,14.02538,729.31976,Low,Low Quality Less Expensive
8048,SE Outlying,10740.0,2,2,14.764817,29.529634,Low,Low Quality Less Expensive
8050,SE Outlying,38900.0,2,5,23.522998,117.61499,Low,Low Quality Expensive
8053,SE Outlying Kern County,12540.0,2,3,15.057806,45.173418,Low,Low Quality Less Expensive
8057,SE Randolph County,24660.0,2,2,13.696052,27.392104,Low,Low Quality Less Expensive
8059,SE Tallahassee,45220.0,2,2,14.18685,28.3737,Low,Low Quality Less Expensive
8062,SE Volusia County,19660.0,2,3,16.505375,49.516125,Low,Low Quality Less Expensive
8063,SE/Muskego,33340.0,2,5,15.403345,77.016725,Low,Low Quality Less Expensive
8065,SW Alamance County,15500.0,2,2,15.02154,30.04308,Low,Low Quality Less Expensive
8068,SW Close-In,38900.0,2,16,24.092089,385.473424,Low,Low Quality Expensive
8071,SW Cumberland County,38860.0,2,73,17.575425,1283.006025,Low,Low Quality Less Expensive
8075,SW Midlsx/Old Saybrk/Rt 9,25540.0,2,31,15.937367,494.058377,Low,Low Quality Less Expensive
8081,SW North Metro,44060.0,2,21,18.565502,389.875542,Low,Low Quality Less Expensive
8087,SW Outlying Kern County,12540.0,2,3,15.55165,46.65495,Low,Low Quality Less Expensive
8089,SW Outlying Milwaukee,33340.0,2,16,16.370879,261.934064,Low,Low Quality Less Expensive
8091,SW Ozaukee,33340.0,2,7,15.106923,105.748461,Low,Low Quality Less Expensive
8094,SW Randolph County,24660.0,2,4,12.841986,51.367944,Low,Low Quality Less Expensive
8096,SW Tallahassee,45220.0,2,1,16.33789,16.33789,Low,Low Quality Less Expensive
8097,SW/Mukwonago,33340.0,2,4,15.386658,61.546632,Low,Low Quality Less Expensive
8104,Sagadahoc County,38860.0,2,7,18.143946,127.007622,Low,Low Quality Less Expensive
8107,Saginaw,40980.0,2,51,15.423026537961455,786.5743534360342,Low,Low Quality Less Expensive
8111,Salem,41400.0,2,16,14.282999601151449,228.52799361842318,Low,Low Quality Less Expensive
8114,Salem,41420.0,2,5,18.751782792808733,93.75891396404367,Low,Low Quality Less Expensive
8121,Salina,41460.0,2,7,17.322207734649716,121.25545414254802,Low,Low Quality Less Expensive
8124,Salinas,41500.0,2,39,24.567581,958.135659,Low,Low Quality Expensive
8127,Saline County,30780.0,2,28,17.552376,491.466528,Low,Low Quality Less Expensive
8130,Salisbury,41540.0,2,33,18.86465475288036,622.5336068450518,Low,Low Quality Less Expensive
8136,Samish Hill MF,13380.0,2,13,20.62569037290152,268.13397484771974,Low,Low Quality Expensive
8138,San Angelo,41660.0,2,20,13.84742934335622,276.9485868671244,Low,Low Quality Less Expensive
8143,San Benito County,41940.0,2,8,34.206384,273.651072,Low,Low Quality Expensive
8146,San Bernardino,40140.0,2,130,16.494147,2144.2391100000004,Low,Low Quality Less Expensive
8150,San Bruno/Millbrae,41884.0,2,18,43.018223,774.3280139999999,Low,Low Quality Expensive
8153,San Diego-Carlsbad,41740.0,2,89,26.822992229942432,2387.2463084648766,Low,Low Quality Expensive
8161,San Francisco-Redwood City-South San Francisco,41884.0,2,62,32.91940161254724,2041.0028999779288,Low,Low Quality Expensive
8165,San Jose-Berryessa,41940.0,2,17,37.216422,632.679174,Low,Low Quality Expensive
8172,San Juan Cap/S Clemente/Dana Pt/Cap Bch,11244.0,2,93,31.157936,2897.688048,Low,Low Quality Expensive
8175,San Leandro,36084.0,2,36,26.801268,964.845648,Low,Low Quality Expensive
8178,San Luis Obispo-Paso Robles-Arroyo Grande,42020.0,2,5,27.883623180417903,139.4181159020895,Low,Low Quality Expensive
8181,San Marco,27260.0,2,37,16.810046,621.971702,Low,Low Quality Less Expensive
8184,San Marcos,41740.0,2,21,24.507112,514.649352,Low,Low Quality Expensive
8188,San Mateo,41884.0,2,77,44.683822,3440.654294,Low,Low Quality Expensive
8191,San Rafael,42034.0,2,5,38.26283412914016,191.3141706457008,Low,Low Quality Expensive
8193,San Rafael/Larkspur,42034.0,2,109,39.426012,4297.435308,Low,Low Quality Expensive
8197,San Ramon,36084.0,2,32,30.601605,979.25136,Low,Low Quality Expensive
8200,San Ysidro/Imperial Beach,41740.0,2,5,25.762292,128.81145999999998,Low,Low Quality Expensive
8201,Sandpoint,41760.0,2,17,17.371280731864772,295.3117724417011,Low,Low Quality Less Expensive
8206,Sandusky County,23380.0,2,7,14.302045,100.114315,Low,Low Quality Less Expensive
8212,Sanford,36740.0,2,32,16.306109,521.795488,Low,Low Quality Less Expensive
8221,Santa Barbara Airport,42200.0,2,33,23.458619,774.134427,Low,Low Quality Expensive
8228,Santa Cruz-Watsonville,42100.0,2,4,18.50240697076994,74.00962788307976,Low,Low Quality Less Expensive
8231,Santa Fe,42140.0,2,63,23.064662513904004,1453.0737383759522,Low,Low Quality Expensive
8234,Santa Maria-Santa Barbara,42200.0,2,9,46.193539190358386,415.74185271322546,Low,Low Quality Expensive
8237,Santa Monica,31084.0,2,158,56.624613,8946.688854,Low,Low Quality Expensive
8241,Santa Paula/Somis,37100.0,2,6,24.683242,148.09945199999999,Low,Low Quality Expensive
8243,Santa Rosa,42220.0,2,152,22.809929,3467.109208,Low,Low Quality Expensive
8247,Sarasota,35840.0,2,225,21.777165,4899.862125,Low,Low Quality Expensive
8251,Sarasota Outlying,35840.0,2,37,20.586979,761.718223,Low,Low Quality Expensive
8255,Saratoga County,10580.0,2,69,18.138858,1251.5812019999998,Low,Low Quality Less Expensive
8259,Saugus/Lynn,14460.0,2,37,20.035412,741.310244,Low,Low Quality Expensive
8262,Sault Ste. Marie,42300.0,2,1,17.407240317525133,17.407240317525133,Low,Low Quality Less Expensive
8267,Savannah,42340.0,2,10,27.782685124736222,277.82685124736224,Low,Low Quality Expensive
8273,Sayre,42380.0,2,2,21.312830772779403,42.625661545558806,Low,Low Quality Expensive
8277,Schoharie County,10580.0,2,3,15.804831,47.414493,Low,Low Quality Less Expensive
8279,Schuylkill County,39060.0,2,9,19.507203,175.564827,Low,Low Quality Less Expensive
8284,Scott County Outlying,33460.0,2,19,22.631863,430.00539699999996,Low,Low Quality Expensive
8286,Scotts Valley,42100.0,2,22,22.418684,493.211048,Low,Low Quality Expensive
8297,Scottsdale South,38060.0,2,119,22.629561,2692.917759,Low,Low Quality Expensive
8306,Seal Beach,11244.0,2,10,28.66649,286.6649,Low,Low Quality Expensive
8313,Searcy,42620.0,2,18,13.5564920657392,244.0168571833056,Low,Low Quality Less Expensive
8316,Seatac/Burien,42660.0,2,35,24.111338,843.89683,Low,Low Quality Expensive
8324,Seattle-Tacoma-Bellevue,42660.0,2,67,20.621403205803755,1381.6340147888516,Low,Low Quality Expensive
8332,Sebastopol/Bodega/West,42220.0,2,20,22.814448,456.28896,Low,Low Quality Expensive
8335,Sebring,42700.0,2,25,15.02094722381889,375.52368059547223,Low,Low Quality Less Expensive
8338,Sedalia,42740.0,2,2,20.644820404427485,41.28964080885497,Low,Low Quality Expensive
8341,Selinsgrove,42780.0,2,4,18.87365937004719,75.49463748018876,Low,Low Quality Less Expensive
8343,Selma,42820.0,2,3,15.312042269178695,45.936126807536084,Low,Low Quality Less Expensive
8345,Seneca,42860.0,2,23,14.84670507898508,341.47421681665685,Low,Low Quality Less Expensive
8348,Seneca County,45660.0,2,12,11.055407,132.664884,Low,Low Quality Less Expensive
8351,Seneca Falls,42900.0,2,2,15.191782303094502,30.383564606189005,Low,Low Quality Less Expensive
8354,Sequatchie County,16860.0,2,1,17.591876,17.591876,Low,Low Quality Less Expensive
8355,Sequoyah County,22900.0,2,1,13.157542,13.157542,Low,Low Quality Less Expensive
8357,Sevierville,42940.0,2,20,19.68875214991714,393.77504299834277,Low,Low Quality Less Expensive
8361,Seymour,35300.0,1,1,16.838406,16.838406,Low,Low Quality Less Expensive
8363,Seymour,42980.0,2,7,17.003584245357963,119.02508971750575,Low,Low Quality Less Expensive
8366,Shaw,23420.0,2,70,16.69869,1168.9083,Low,Low Quality Less Expensive
8372,Shawano,43020.0,2,1,16.00486714449095,16.00486714449095,Low,Low Quality Less Expensive
8374,Shawnee,43060.0,2,14,14.791817230221216,207.08544122309704,Low,Low Quality Less Expensive
8377,Sheboygan,43100.0,2,12,16.301835,195.62202000000002,Low,Low Quality Less Expensive
8382,Shelby County,26900.0,2,16,14.497183,231.954928,Low,Low Quality Less Expensive
8384,Shelby County,31140.0,2,13,14.659819,190.577647,Low,Low Quality Less Expensive
8385,Shelbyville,43180.0,2,4,16.93190052514974,67.72760210059896,Low,Low Quality Less Expensive
8391,Shelton,43220.0,2,4,21.446707120041573,85.78682848016629,Low,Low Quality Expensive
8394,Sherburne County,33460.0,2,15,18.60467,279.07005,Low,Low Quality Less Expensive
8399,Sherman Oaks,31084.0,2,42,32.314774,1357.2205079999999,Low,Low Quality Expensive
8403,Sherman-Denison,43300.0,2,23,16.6015618678736,381.83592296109276,Low,Low Quality Less Expensive
8409,Sherwood Forest,12940.0,2,83,17.375716,1442.184428,Low,Low Quality Less Expensive
8412,Shockoe Bottom,40060.0,2,12,17.679209,212.150508,Low,Low Quality Less Expensive
8415,Short Hills/Millburn,35084.0,2,50,28.586358,1429.3179,Low,Low Quality Expensive
8418,Show Low,43320.0,2,4,16.032968394462884,64.13187357785154,Low,Low Quality Less Expensive
8428,Sidney,43380.0,2,9,16.60212442655306,149.41911983897756,Low,Low Quality Less Expensive
8432,Sikeston,43460.0,2,2,21.876169468631403,43.752338937262806,Low,Low Quality Expensive
8435,Silver City,43500.0,2,3,14.357833009229985,43.073499027689955,Low,Low Quality Less Expensive
8440,Silverdale,14740.0,2,18,22.352834,402.351012,Low,Low Quality Expensive
8443,Simpson County,27140.0,2,2,14.614917,29.229834,Low,Low Quality Less Expensive
8444,Simsbury,25540.0,2,8,20.612786,164.902288,Low,Low Quality Expensive
8448,Sioux City,43580.0,2,27,14.868118807630607,401.4392078060264,Low,Low Quality Less Expensive
8452,Sioux Falls,43620.0,2,75,17.481085332562515,1311.0813999421887,Low,Low Quality Less Expensive
8454,Skamania County,38900.0,2,1,18.968005,18.968005,Low,Low Quality Less Expensive
8456,Slidell,35380.0,2,45,13.719415,617.3736749999999,Low,Low Quality Less Expensive
8458,Smith County,34980.0,2,1,22.297492,22.297492,Low,Low Quality Expensive
8461,Smithfield,39300.0,2,12,18.047311,216.567732,Low,Low Quality Less Expensive
8463,Snyder,43660.0,2,1,17.34105435928053,17.34105435928053,Low,Low Quality Less Expensive
8465,Socastee/Red Hill,34820.0,2,18,16.524826,297.446868,Low,Low Quality Less Expensive
8470,Soledad,41500.0,2,1,25.123794,25.123794,Low,Low Quality Expensive
8471,Somerset,35084.0,2,7,22.028237,154.19765900000002,Low,Low Quality Expensive
8473,Somerset,43700.0,1,2,18.128109886551535,36.25621977310307,Low,Low Quality Less Expensive
8475,Somerset,43740.0,2,6,18.212233425260045,109.27340055156027,Low,Low Quality Less Expensive
8477,Somerset MF,11180.0,2,2,17.19133267957567,34.38266535915134,Low,Low Quality Less Expensive
8479,Somerville/Everett,14460.0,2,28,28.238,790.664,Low,Low Quality Expensive
8483,Sonoma/Wine Country,42220.0,2,31,26.882539,833.3587090000001,Low,Low Quality Expensive
8485,Sonora,43760.0,2,8,14.443891607598745,115.55113286078996,Low,Low Quality Less Expensive
8494,South,12420.0,2,80,38.07502,3046.0016,Low,Low Quality Expensive
8498,South,15380.0,2,30,16.205838,486.17514,Low,Low Quality Less Expensive
8500,South,16860.0,2,3,17.432634,52.297902,Low,Low Quality Less Expensive
8503,South,17460.0,2,56,14.828768,830.411008,Low,Low Quality Less Expensive
8506,South,19780.0,2,11,24.518329,269.701619,Low,Low Quality Expensive
8509,South,26420.0,2,25,22.444631,561.115775,Low,Low Quality Expensive
8513,South,28940.0,2,14,16.337997,228.73195800000002,Low,Low Quality Less Expensive
8516,South,30700.0,2,24,15.183115,364.39476,Low,Low Quality Less Expensive
8519,South,36420.0,2,28,15.080014,422.240392,Low,Low Quality Less Expensive
8522,South,41700.0,2,35,22.057201,772.002035,Low,Low Quality Expensive
8529,South 101 Corridor,42020.0,2,31,26.053361,807.654191,Low,Low Quality Expensive
8534,South Ames MF,11180.0,2,2,17.428817131638144,34.85763426327629,Low,Low Quality Less Expensive
8536,South Bakersfield,12540.0,2,1,16.477782,16.477782,Low,Low Quality Less Expensive
8538,South Beach Cities,19660.0,2,23,16.086074,369.979702,Low,Low Quality Less Expensive
8548,South Brooklyn,35614.0,2,78,33.527235,2615.1243299999996,Low,Low Quality Expensive
8552,South Burlington,15500.0,2,2,17.060008,34.120016,Low,Low Quality Less Expensive
8559,South CBD,12940.0,2,15,18.434739,276.521085,Low,Low Quality Less Expensive
8562,South Cabell County,26580.0,2,6,14.508418,87.05050800000001,Low,Low Quality Less Expensive
8565,South Camden County,37980.0,2,66,18.169236,1199.169576,Low,Low Quality Less Expensive
8570,South Central,31140.0,2,42,14.807586,621.918612,Low,Low Quality Less Expensive
8574,South Central,36540.0,2,30,14.918737,447.56211,Low,Low Quality Less Expensive
8581,South Central,46140.0,2,80,14.895121,1191.60968,Low,Low Quality Less Expensive
8585,South Central Dayton,19380.0,2,54,14.47981,781.90974,Low,Low Quality Less Expensive
8589,South Charleston,16620.0,2,3,15.414986,46.244958000000004,Low,Low Quality Less Expensive
8591,South Charleston CBD,16620.0,2,6,14.264899,85.589394,Low,Low Quality Less Expensive
8596,South Charlottesville MF,16820.0,2,2,21.677632003362035,43.35526400672407,Low,Low Quality Expensive
8602,South Clark County,31140.0,2,21,15.939593,334.731453,Low,Low Quality Less Expensive
8606,South Clayton/Henry Cnty,12060.0,2,83,17.149627,1423.4190409999999,Low,Low Quality Less Expensive
8610,South County,41180.0,2,86,18.399181,1582.3295659999999,Low,Low Quality Less Expensive
8614,South Dade,33124.0,2,30,27.460487,823.81461,Low,Low Quality Expensive
8618,South Davidson County,49180.0,2,20,13.704827,274.09654,Low,Low Quality Less Expensive
8625,South Daytona Beach,19660.0,2,21,16.084872,337.782312,Low,Low Quality Less Expensive
8632,South Edison,35614.0,2,79,28.909656,2283.862824,Low,Low Quality Expensive
8640,South End MF,15540.0,2,9,21.44741859129315,193.02676732163835,Low,Low Quality Expensive
8645,South Financial District,41884.0,2,43,54.76616,2354.94488,Low,Low Quality Expensive
8650,South Forsyth County,49180.0,2,89,12.835039,1142.318471,Low,Low Quality Less Expensive
8654,South Fort Wayne,23060.0,2,37,14.134815,522.988155,Low,Low Quality Less Expensive
8656,South Franklin County,40220.0,2,6,13.763439,82.580634,Low,Low Quality Less Expensive
8661,South Greensboro,24660.0,2,3,15.229852,45.689555999999996,Low,Low Quality Less Expensive
8666,South Huntsville,26620.0,2,41,15.408016,631.728656,Low,Low Quality Less Expensive
8670,South Hwy 35,26420.0,2,14,21.109651,295.535114,Low,Low Quality Expensive
8672,South Iowa City MF,26980.0,1,1,20.2697072913392,20.2697072913392,Low,Low Quality Expensive
8673,South Irving,19100.0,2,26,20.01096,520.2849600000001,Low,Low Quality Expensive
8677,South Jackson,27140.0,2,23,14.901078,342.724794,Low,Low Quality Less Expensive
8684,South Kansas City MO,28140.0,2,20,17.64218,352.8436,Low,Low Quality Less Expensive
8687,South Kitsap County,14740.0,2,1,19.376011,19.376011,Low,Low Quality Less Expensive
8688,South Lancaster County,30700.0,2,3,15.022849,45.068547,Low,Low Quality Less Expensive
8698,South Madison County,26620.0,2,11,13.122051,144.34256100000002,Low,Low Quality Less Expensive
8713,South Midtown,19740.0,2,37,23.921056,885.079072,Low,Low Quality Expensive
8717,South Montgomery,33860.0,2,13,11.627176,151.153288,Low,Low Quality Less Expensive
8723,South New Castle County,37980.0,2,57,18.8303,1073.3271,Low,Low Quality Less Expensive
8726,South Norfolk,47260.0,2,10,17.16467,171.6467,Low,Low Quality Less Expensive
8729,South Orange,36740.0,2,31,26.85406,832.47586,Low,Low Quality Expensive
8732,South Outer Lubbock,31180.0,2,50,18.355255,917.76275,Low,Low Quality Less Expensive
8735,South Peoria,37900.0,2,11,14.208802,156.296822,Low,Low Quality Less Expensive
8739,South Philadelphia,37980.0,2,27,23.197891,626.3430569999999,Low,Low Quality Expensive
8743,South Pinellas,45300.0,2,134,19.256935,2580.42929,Low,Low Quality Less Expensive
8746,South Pittsburgh/I-79,38300.0,2,23,14.891839,342.512297,Low,Low Quality Less Expensive
8749,South Pittsburgh/Rte 19,38300.0,2,74,16.266145,1203.6947300000002,Low,Low Quality Less Expensive
8753,South Pittsburgh/Rte 51,38300.0,2,48,15.53641,745.74768,Low,Low Quality Less Expensive
8756,South Pleasantburg,24860.0,2,24,16.952614,406.86273600000004,Low,Low Quality Less Expensive
8759,South Queens,35614.0,2,41,33.500412,1373.5168919999999,Low,Low Quality Expensive
8762,South Richmond County,12260.0,2,10,14.315362,143.15362,Low,Low Quality Less Expensive
8769,South Route 45,16980.0,2,66,21.747922,1435.362852,Low,Low Quality Expensive
8773,South Sacramento,40900.0,2,40,20.780268,831.21072,Low,Low Quality Expensive
8776,South San Francisco,41884.0,2,23,38.535006,886.305138,Low,Low Quality Expensive
8779,South San Jose,41940.0,2,42,37.459389,1573.2943380000002,Low,Low Quality Expensive
8788,South Side,18580.0,2,20,17.893445,357.8689,Low,Low Quality Less Expensive
8791,South St Louis County,20260.0,2,3,20.811384,62.434152,Low,Low Quality Expensive
8794,South Suffolk,47260.0,2,16,16.801973,268.831568,Low,Low Quality Less Expensive
8796,South Suffolk County,14460.0,2,11,29.084709,319.931799,Low,Low Quality Expensive
8799,South Tampa,45300.0,2,109,24.710189,2693.410601,Low,Low Quality Expensive
8806,South Valley,10740.0,2,2,16.880591,33.761182,Low,Low Quality Less Expensive
8809,South Windsor,25540.0,2,9,20.87396,187.86564,Low,Low Quality Expensive
8812,South of Market,41884.0,2,51,47.830718,2439.366618,Low,Low Quality Expensive
8819,South/Southwest,45780.0,2,56,15.34653,859.40568,Low,Low Quality Less Expensive
8831,Southeast,17460.0,2,35,18.273981,639.589335,Low,Low Quality Less Expensive
8835,Southeast,17820.0,2,42,14.242237,598.173954,Low,Low Quality Less Expensive
8839,Southeast,18140.0,2,20,17.869797,357.39594,Low,Low Quality Less Expensive
8841,Southeast,31140.0,2,34,13.774675,468.33895,Low,Low Quality Less Expensive
8845,Southeast,35614.0,2,52,28.08075,1460.1989999999998,Low,Low Quality Expensive
8849,Southeast,40380.0,2,47,15.432935,725.347945,Low,Low Quality Less Expensive
8852,Southeast,43340.0,2,22,18.996602,417.92524399999996,Low,Low Quality Less Expensive
8855,Southeast,44180.0,2,40,17.541338,701.65352,Low,Low Quality Less Expensive
8859,Southeast,46140.0,2,23,16.189646,372.361858,Low,Low Quality Less Expensive
8863,Southeast,47900.0,2,11,32.354993,355.904923,Low,Low Quality Expensive
8866,Southeast,48620.0,2,18,15.866074,285.589332,Low,Low Quality Less Expensive
8867,Southeast Bakersfield,12540.0,2,1,15.493175,15.493175,Low,Low Quality Less Expensive
8868,Southeast Boise,14260.0,2,21,16.583481,348.25310099999996,Low,Low Quality Less Expensive
8872,Southeast Columbia,17900.0,2,34,18.560776,631.066384,Low,Low Quality Less Expensive
8875,Southeast Dallas,19100.0,2,16,21.071928,337.150848,Low,Low Quality Expensive
8878,Southeast Dayton,19380.0,2,19,14.434577,274.25696300000004,Low,Low Quality Less Expensive
8880,Southeast Fresno,23420.0,2,4,16.041259,64.165036,Low,Low Quality Less Expensive
8882,Southeast Ft Worth,19100.0,2,22,21.018191,462.40020200000004,Low,Low Quality Expensive
8884,Southeast Greenville MF,24780.0,2,36,18.51993984540308,666.7178344345109,Low,Low Quality Less Expensive
8887,Southeast Heights,10740.0,2,35,12.757064,446.49724,Low,Low Quality Less Expensive
8890,Southeast Hillsborough,45300.0,2,15,21.74557,326.18355,Low,Low Quality Expensive
8893,Southeast Inner Loop,31180.0,2,26,14.237421,370.17294599999997,Low,Low Quality Less Expensive
8896,Southeast Jackson County,28140.0,2,65,18.390584,1195.38796,Low,Low Quality Less Expensive
8902,Southeast Los Angeles,31084.0,2,115,27.721257,3187.944555,Low,Low Quality Expensive
8906,Southeast Madison,31540.0,2,17,16.533646,281.071982,Low,Low Quality Less Expensive
8909,Southeast Nassau,35004.0,2,33,26.903285,887.808405,Low,Low Quality Expensive
8912,Southeast Omaha,36540.0,2,24,14.164435,339.94644,Low,Low Quality Less Expensive
8916,Southeast Outlier,26420.0,2,45,19.105285,859.7378249999999,Low,Low Quality Less Expensive
8918,Southeast Roanoke,40220.0,2,4,14.399388,57.597552,Low,Low Quality Less Expensive
8920,Southeast San Diego,41740.0,2,7,26.869284,188.084988,Low,Low Quality Expensive
8922,Southeast Tucson,46060.0,2,4,18.258244,73.032976,Low,Low Quality Less Expensive
8930,Southern Anne Arundel,12580.0,2,12,21.34343,256.12116000000003,Low,Low Quality Expensive
8934,Southern Chesapeake,47260.0,2,22,16.587033,364.91472600000003,Low,Low Quality Less Expensive
8936,Southern City,41884.0,2,30,49.383109,1481.49327,Low,Low Quality Expensive
8939,Southern I-275 Corridor,19820.0,2,176,17.103883,3010.283408,Low,Low Quality Less Expensive
8943,Southern Kalamazoo County,28020.0,2,48,14.099295,676.76616,Low,Low Quality Less Expensive
8954,Southern Nassau,35004.0,2,100,26.329387,2632.9387,Low,Low Quality Expensive
8957,Southfield,19820.0,2,130,14.837993,1928.93909,Low,Low Quality Less Expensive
8961,Southington,25540.0,2,17,19.47844,331.13347999999996,Low,Low Quality Less Expensive
8963,Southpointe MF,22020.0,2,2,14.062371775713038,28.124743551426075,Low,Low Quality Less Expensive
8966,Southport/St James,34820.0,2,17,17.593289,299.085913,Low,Low Quality Less Expensive
8968,Southside,13820.0,2,42,19.576957,822.232194,Low,Low Quality Less Expensive
8971,Southside,27260.0,2,150,17.2608,2589.12,Low,Low Quality Less Expensive
8979,Southwest,17460.0,2,82,14.86753,1219.13746,Low,Low Quality Less Expensive
8983,Southwest,17820.0,2,33,16.058664,529.935912,Low,Low Quality Less Expensive
8986,Southwest,18140.0,2,35,18.215709,637.549815,Low,Low Quality Less Expensive
8988,Southwest,30780.0,2,7,16.523571,115.664997,Low,Low Quality Less Expensive
8993,Southwest,35614.0,2,28,30.294436,848.2442080000001,Low,Low Quality Expensive
8997,Southwest,40380.0,2,16,14.16282,226.60512,Low,Low Quality Less Expensive
9000,Southwest,43340.0,2,3,14.710632,44.131896,Low,Low Quality Less Expensive
9003,Southwest,44180.0,2,22,15.347474,337.644428,Low,Low Quality Less Expensive
9009,Southwest,48620.0,2,5,13.105532,65.52766,Low,Low Quality Less Expensive
9012,Southwest Bakersfield,12540.0,2,42,18.978221,797.085282,Low,Low Quality Less Expensive
9026,Southwest Dallas,19100.0,2,87,20.701271,1801.0105769999998,Low,Low Quality Expensive
9030,Southwest Denver,19740.0,2,130,17.1281,2226.653,Low,Low Quality Less Expensive
9034,Southwest Far,26420.0,2,8,21.341751,170.734008,Low,Low Quality Expensive
9037,Southwest Fayetteville,22180.0,2,81,20.111632,1629.0421920000001,Low,Low Quality Expensive
9041,Southwest Greenville MF,24780.0,2,24,18.465522322712996,443.1725357451119,Low,Low Quality Less Expensive
9043,Southwest Inner Loop,31180.0,2,21,16.161758,339.39691799999997,Low,Low Quality Less Expensive
9048,Southwest Leon County,45220.0,2,4,16.187945,64.75178,Low,Low Quality Less Expensive
9053,Southwest Omaha,36540.0,2,57,15.583568,888.263376,Low,Low Quality Less Expensive
9056,Southwest Outlier,26420.0,2,25,20.444271,511.106775,Low,Low Quality Expensive
9059,Southwest Outlying,25540.0,2,27,19.010691,513.2886570000001,Low,Low Quality Less Expensive
9061,Southwest Outlying,38060.0,2,1,19.430955,19.430955,Low,Low Quality Less Expensive
9063,Southwest Phoenix,38060.0,2,15,19.27933,289.18995,Low,Low Quality Less Expensive
9067,Southwest Roanoke,40220.0,2,60,13.30357,798.2142,Low,Low Quality Less Expensive
9071,Southwest Santa Fe MF,42140.0,2,31,22.50942738826254,697.7922490361387,Low,Low Quality Expensive
9074,Southwest Tucson,46060.0,2,12,18.478389,221.740668,Low,Low Quality Less Expensive
9080,Southwest Visalia,47300.0,2,32,16.529918,528.957376,Low,Low Quality Less Expensive
9085,Southwest Wichita Falls MF,48660.0,2,6,14.016285967681286,84.09771580608772,Low,Low Quality Less Expensive
9088,Southwest/Hillcroft,26420.0,2,25,16.731605,418.29012499999993,Low,Low Quality Less Expensive
9091,Southwestern Grand Rapids,24340.0,2,35,16.697311,584.405885,Low,Low Quality Less Expensive
9094,Southwestern Suffolk,35004.0,2,60,23.86742,1432.0452,Low,Low Quality Expensive
9099,Spalding County,12060.0,2,21,18.203249,382.268229,Low,Low Quality Less Expensive
9102,Spanaway,42660.0,2,20,23.753689,475.07378000000006,Low,Low Quality Expensive
9105,Sparks,39900.0,2,19,17.821111,338.60110899999995,Low,Low Quality Less Expensive
9108,Spartanburg,43900.0,2,4,18.41272967023915,73.6509186809566,Low,Low Quality Less Expensive
9112,Spartanburg CBD,43900.0,2,20,16.180508,323.61016,Low,Low Quality Less Expensive
9116,Spearfish,43940.0,2,5,15.568208519978986,77.84104259989493,Low,Low Quality Less Expensive
9118,Speedway,26900.0,2,57,15.694045,894.560565,Low,Low Quality Less Expensive
9121,Spenard-10,11260.0,2,26,24.693571,642.032846,Low,Low Quality Expensive
9124,Spencer,43980.0,2,2,17.47393111868466,34.94786223736932,Low,Low Quality Less Expensive
9125,Spencer County,31140.0,2,3,15.40737,46.22211,Low,Low Quality Less Expensive
9126,Spirit Lake,44020.0,2,1,18.925465003539045,18.925465003539045,Low,Low Quality Less Expensive
9128,Spokane CBD,44060.0,2,19,18.991889,360.845891,Low,Low Quality Less Expensive
9132,Spokane-Spokane Valley,44060.0,2,12,16.383817879868484,196.6058145584218,Low,Low Quality Less Expensive
9135,Spotsylvania County,47900.0,2,47,22.330731,1049.544357,Low,Low Quality Expensive
9140,Springfield,44100.0,2,81,17.29802916171201,1401.1403620986728,Low,Low Quality Less Expensive
9143,Springfield,44140.0,2,5,16.20010122383429,81.00050611917146,Low,Low Quality Less Expensive
9146,Springfield,44180.0,2,9,16.443772618918477,147.99395357026629,Low,Low Quality Less Expensive
9149,Springfield,44220.0,2,6,21.43841438087344,128.63048628524064,Low,Low Quality Expensive
9152,Springfield/Burke,47900.0,2,65,23.476044,1525.94286,Low,Low Quality Expensive
9156,St Andrews,17900.0,2,57,16.890733,962.771781,Low,Low Quality Less Expensive
9160,St Andrews MF,37460.0,2,11,15.45776012251743,170.03536134769172,Low,Low Quality Less Expensive
9163,St Charles County,41180.0,2,165,15.846923,2614.742295,Low,Low Quality Less Expensive
9166,St Charles Parish,35380.0,2,4,15.90455,63.6182,Low,Low Quality Less Expensive
9169,St Clair & Lapeer Counties,19820.0,2,93,16.902775,1571.9580749999998,Low,Low Quality Less Expensive
9173,St Clair County,13820.0,2,11,17.652074,194.172814,Low,Low Quality Less Expensive
9176,St Cloud,36740.0,2,11,23.983086,263.813946,Low,Low Quality Expensive
9178,St Croix County,33460.0,2,22,17.792726,391.43997199999995,Low,Low Quality Less Expensive
9180,St John Baptist Parish,35380.0,2,8,16.220578,129.764624,Low,Low Quality Less Expensive
9187,St Johns/Cntrl Vancouver,38900.0,2,34,20.072703,682.471902,Low,Low Quality Expensive
9191,St Joseph,41140.0,2,42,12.219123,513.203166,Low,Low Quality Less Expensive
9194,St Louis City,41180.0,2,96,18.222347,1749.345312,Low,Low Quality Less Expensive
9199,St Martin Parish,29180.0,2,2,16.30848,32.61696,Low,Low Quality Less Expensive
9201,St Mary's County,15680.0,2,44,18.386035,808.98554,Low,Low Quality Less Expensive
9205,St Matthews,31140.0,2,46,17.41044,800.8802400000001,Low,Low Quality Less Expensive
9213,St. Cloud,41060.0,2,5,15.368158276929298,76.8407913846465,Low,Low Quality Less Expensive
9219,St. Joseph,41140.0,2,2,13.94269925137808,27.88539850275616,Low,Low Quality Less Expensive
9221,St. Louis,41180.0,2,105,22.937740336428458,2408.462735324988,Low,Low Quality Expensive
9224,St. Marys,41220.0,2,9,16.849809195374498,151.64828275837047,Low,Low Quality Less Expensive
9227,St. Marys,41260.0,2,4,21.509710981399337,86.03884392559735,Low,Low Quality Expensive
9232,Stafford County,47900.0,2,38,22.528203,856.071714,Low,Low Quality Expensive
9240,Stanly County,10620.0,2,12,13.509611,162.115332,Low,Low Quality Less Expensive
9244,Stark County,15940.0,2,123,12.449287,1531.262301,Low,Low Quality Less Expensive
9247,Starkville,44260.0,2,1,16.804109824704,16.804109824704,Low,Low Quality Less Expensive
9252,State College,44300.0,2,44,21.423680892981693,942.6419592911946,Low,Low Quality Expensive
9256,Staten Island,35614.0,2,64,27.337409,1749.594176,Low,Low Quality Expensive
9259,Statesboro,44340.0,2,6,14.536613150405346,87.21967890243208,Low,Low Quality Less Expensive
9261,Staunton-Waynesboro,44420.0,2,23,16.762242978989214,385.5315885167519,Low,Low Quality Less Expensive
9263,Steamboat Springs,44460.0,2,2,15.213749334251121,30.427498668502242,Low,Low Quality Less Expensive
9266,Stearns County,41060.0,2,26,17.245441,448.381466,Low,Low Quality Less Expensive
9270,Stemmons Freeway,19100.0,2,42,19.076039,801.1936380000001,Low,Low Quality Less Expensive
9273,Stephenville,44500.0,2,4,17.141364189779786,68.56545675911914,Low,Low Quality Less Expensive
9274,Sterling,44540.0,2,3,17.339128375404,52.017385126212005,Low,Low Quality Less Expensive
9275,Sterling,44580.0,2,8,13.869160525518353,110.95328420414683,Low,Low Quality Less Expensive
9277,Stevens Point,44620.0,2,9,14.658227615478996,131.92404853931097,Low,Low Quality Less Expensive
9280,Stillwater,44660.0,2,24,16.96848418494388,407.2436204386531,Low,Low Quality Less Expensive
9283,Stockton,44700.0,2,99,16.081562,1592.0746380000003,Low,Low Quality Less Expensive
9289,Stokes County,49180.0,2,2,13.188764,26.377528,Low,Low Quality Less Expensive
9292,Stone Ave/E North St Cor,24860.0,2,23,17.927812,412.339676,Low,Low Quality Less Expensive
9295,Stone Mountain,12060.0,2,40,19.40647,776.2588,Low,Low Quality Less Expensive
9298,Stony Point/Huguenot,40060.0,2,31,15.837104,490.950224,Low,Low Quality Less Expensive
9301,Storm Lake,44740.0,2,1,18.0662287009743,18.0662287009743,Low,Low Quality Less Expensive
9303,Strafford County,14460.0,2,32,19.857104,635.427328,Low,Low Quality Less Expensive
9307,Stratford,14860.0,2,32,22.273645,712.75664,Low,Low Quality Expensive
9311,Studio/Universal Cities,31084.0,2,64,35.11889,2247.60896,Low,Low Quality Expensive
9314,Sturgis,44780.0,2,5,13.303945700873179,66.5197285043659,Low,Low Quality Less Expensive
9317,Suburban Bellevue,42660.0,2,90,35.063722,3155.7349799999997,Low,Low Quality Expensive
9325,Suburban Macon,31420.0,2,31,13.368258,414.415998,Low,Low Quality Less Expensive
9329,Suburban Madera,31460.0,2,12,16.841435,202.09722,Low,Low Quality Less Expensive
9331,Suburban Merced,32900.0,2,34,16.760822,569.8679480000001,Low,Low Quality Less Expensive
9334,Suburban Newport News,47260.0,2,15,14.813946,222.20919,Low,Low Quality Less Expensive
9337,Suburban St Paul,33460.0,2,202,21.73538,4390.54676,Low,Low Quality Expensive
9344,Sugarhouse,41620.0,2,16,18.394335,294.30936,Low,Low Quality Less Expensive
9348,Sullivan County,28700.0,2,26,14.228138,369.931588,Low,Low Quality Less Expensive
9351,Sulphur Springs,44860.0,2,4,14.524669583879062,58.09867833551625,Low,Low Quality Less Expensive
9353,Summerville,44900.0,2,2,16.476306360079658,32.952612720159316,Low,Low Quality Less Expensive
9360,Sumter,44940.0,2,36,15.540106363311784,559.4438290792242,Low,Low Quality Less Expensive
9362,Sunbury,44980.0,2,13,16.44983582509412,213.84786572622355,Low,Low Quality Less Expensive
9364,Sunnyside MF,22380.0,2,1,22.15883525146723,22.15883525146723,Low,Low Quality Expensive
9381,Sussex County,35084.0,2,59,18.293201,1079.298859,Low,Low Quality Less Expensive
9385,Sussex County,41540.0,2,52,18.382154,955.872008,Low,Low Quality Less Expensive
9388,Sutter County,49700.0,2,43,18.893852,812.4356359999999,Low,Low Quality Less Expensive
9390,Sweetwater,45020.0,2,1,18.20557713779104,18.20557713779104,Low,Low Quality Less Expensive
9391,Sylvan/Hillsdale,38900.0,2,12,21.450735,257.40882,Low,Low Quality Expensive
9393,Syracuse,45060.0,2,9,18.858424475989523,169.7258202839057,Low,Low Quality Less Expensive
9396,Syracuse CBD,45060.0,2,19,14.911386,283.316334,Low,Low Quality Less Expensive
9400,Tacoma CBD,42660.0,2,37,23.294911,861.911707,Low,Low Quality Expensive
9404,Tacoma Suburban,42660.0,2,66,23.690113,1563.547458,Low,Low Quality Expensive
9408,Talladega County,45180.0,2,6,14.589433,87.536598,Low,Low Quality Less Expensive
9416,Tampa-St. Petersburg-Clearwater,45300.0,2,105,23.923978659603993,2512.017759258419,Low,Low Quality Expensive
9419,Tarzana,31084.0,2,30,30.612929,918.38787,Low,Low Quality Expensive
9423,Tate County,32820.0,2,2,17.146063,34.292126,Low,Low Quality Less Expensive
9425,Tate Springs MF,31340.0,2,2,18.364970101471258,36.729940202942515,Low,Low Quality Less Expensive
9428,Teaneck/Ridgefield,35614.0,2,23,24.483388,563.117924,Low,Low Quality Expensive
9432,Teller County,17820.0,2,8,18.66708,149.33664,Low,Low Quality Less Expensive
9435,Tempe,38060.0,2,115,19.585095,2252.2859249999997,Low,Low Quality Less Expensive
9440,Temple,28660.0,2,27,15.226647,411.119469,Low,Low Quality Less Expensive
9444,Terre Haute,45460.0,2,17,15.169848130976725,257.8874182266043,Low,Low Quality Less Expensive
9446,Texarkana,45500.0,2,33,16.523135119357093,545.2634589387841,Low,Low Quality Less Expensive
9452,The Circles MF,12020.0,2,7,17.08583550150289,119.60084851052022,Low,Low Quality Less Expensive
9456,The Dalles,45520.0,2,4,19.484261219871584,77.93704487948634,Low,Low Quality Less Expensive
9458,The Islands,15980.0,2,5,19.699415,98.497075,Low,Low Quality Less Expensive
9461,The Pointes/Harper Woods,19820.0,2,31,19.803236,613.900316,Low,Low Quality Less Expensive
9475,Thomasville,45620.0,2,11,14.646992441613994,161.11691685775395,Low,Low Quality Less Expensive
9482,Tifton,45700.0,2,5,16.75032124375306,83.7516062187653,Low,Low Quality Less Expensive
9493,Tipton County,32820.0,2,6,17.144934,102.869604,Low,Low Quality Less Expensive
9498,Tolland County,25540.0,2,28,19.893236,557.010608,Low,Low Quality Less Expensive
9503,Topeka,45820.0,2,69,14.260578,983.9798820000001,Low,Low Quality Less Expensive
9506,Torrance,31084.0,2,112,29.311301,3282.865712,Low,Low Quality Expensive
9509,Torrance County,10740.0,2,4,14.294837,57.179348,Low,Low Quality Less Expensive
9513,Torrington,45860.0,2,19,18.3689,349.0091,Low,Low Quality Less Expensive
9525,Tracy/Manteca,44700.0,2,30,18.866075,565.9822499999999,Low,Low Quality Less Expensive
9528,Travelers Rest,24860.0,2,6,16.819101,100.91460599999999,Low,Low Quality Less Expensive
9531,Traverse City,45900.0,2,48,19.037881313209283,913.8183030340456,Low,Low Quality Less Expensive
9534,Treasure/Yerba Buena Island,41884.0,2,1,49.049088,49.049088,Low,Low Quality Expensive
9539,Trenton North,45940.0,2,25,29.157827,728.945675,Low,Low Quality Expensive
9542,Tri-County I-275,17140.0,2,51,13.305892,678.600492,Low,Low Quality Less Expensive
9546,TriCities,40060.0,2,56,15.748769,881.931064,Low,Low Quality Less Expensive
9552,Troup County,29300.0,2,16,12.626499,202.023984,Low,Low Quality Less Expensive
9554,Troy,45980.0,2,7,16.89139077900966,118.23973545306762,Low,Low Quality Less Expensive
9566,Trumbull,14860.0,2,11,21.004174,231.04591399999998,Low,Low Quality Expensive
9570,Trumbull County,49660.0,2,28,13.062478,365.749384,Low,Low Quality Less Expensive
9573,Trussville,13820.0,2,22,16.51527,363.33594000000005,Low,Low Quality Less Expensive
9583,Tulare,47300.0,2,10,16.673504,166.73504000000003,Low,Low Quality Less Expensive
9585,Tullahoma-Manchester,46100.0,2,14,16.253701256349288,227.55181758889003,Low,Low Quality Less Expensive
9592,Tumwater/S Olympia,36500.0,2,24,19.718183,473.236392,Low,Low Quality Less Expensive
9595,Tupelo,46180.0,2,15,13.231089970645716,198.46634955968574,Low,Low Quality Less Expensive
9597,Turlock/SW Stanislaus,33700.0,2,26,19.741989,513.291714,Low,Low Quality Less Expensive
9600,Tuscaloosa,46220.0,2,90,15.66541,1409.8869,Low,Low Quality Less Expensive
9602,Tustin (South of I-5),11244.0,2,20,25.701324,514.02648,Low,Low Quality Expensive
9605,Twentynine Palms,40140.0,2,18,18.705314,336.695652,Low,Low Quality Less Expensive
9608,Twin Falls,46300.0,2,30,16.56577767455812,496.9733302367436,Low,Low Quality Less Expensive
9611,Tyler,46340.0,2,65,16.752193173433017,1088.892556273146,Low,Low Quality Less Expensive
9614,Tyler & Longview HOS,46340.0,2,1,15.717881663778243,15.717881663778243,Low,Low Quality Less Expensive
9627,Ukiah,46380.0,2,9,16.020902166030403,144.18811949427362,Low,Low Quality Less Expensive
9629,Union City,36084.0,2,5,29.220415,146.10207499999999,Low,Low Quality Expensive
9637,Union County,18140.0,2,9,15.241434,137.172906,Low,Low Quality Less Expensive
9639,Union County,28940.0,2,1,17.05058,17.05058,Low,Low Quality Less Expensive
9650,Univ. Place/Lakewood,42660.0,2,49,21.909295,1073.555455,Low,Low Quality Expensive
9653,University,10740.0,2,56,14.655588,820.712928,Low,Low Quality Less Expensive
9673,University/Airport MF,13980.0,2,9,18.865371047221988,169.7883394249979,Low,Low Quality Less Expensive
9675,Upcountry Maui,27980.0,1,1,41.214712,41.214712,Low,Low Quality Expensive
9678,Upland/Montclair,40140.0,2,58,21.208166,1230.0736279999999,Low,Low Quality Expensive
9681,Upper Buckhead,12060.0,2,64,29.107329,1862.869056,Low,Low Quality Expensive
9686,Upper Bucks County,37980.0,2,79,20.206026,1596.2760540000002,Low,Low Quality Expensive
9690,Upper East Side,35614.0,2,26,69.424064,1805.025664,Low,Low Quality Expensive
9693,Upper Main Line,37980.0,2,55,22.57458,1241.6019000000001,Low,Low Quality Expensive
9696,Upper Martinsville MF,32300.0,2,6,13.92769106076346,83.56614636458076,Low,Low Quality Less Expensive
9701,Upper Spartanburg County,43900.0,2,10,14.388775,143.88775,Low,Low Quality Less Expensive
9704,Upper Suburban Passaic,35614.0,2,7,26.312762,184.189334,Low,Low Quality Expensive
9713,Uptown,10740.0,2,31,15.505809,480.680079,Low,Low Quality Less Expensive
9717,Uptown,26900.0,2,62,16.990203,1053.3925860000002,Low,Low Quality Less Expensive
9720,Uptown,47900.0,2,53,38.48841,2039.8857300000002,Low,Low Quality Expensive
9723,Uptown East,41740.0,2,11,26.67773,293.45503,Low,Low Quality Expensive
9726,Uptown Greenville MF,24780.0,2,2,17.94360951344389,35.88721902688778,Low,Low Quality Less Expensive
9728,Uptown Greenwood MF,24940.0,2,7,14.254622384075073,99.78235668852551,Low,Low Quality Less Expensive
9731,Uptown Kingston MF,28740.0,2,7,18.677452682452635,130.74216877716844,Low,Low Quality Less Expensive
9735,Uptown Sedona MF,22380.0,2,1,27.304258320023386,27.304258320023386,Low,Low Quality Expensive
9737,Uptown West/Park West,41740.0,2,54,30.975541,1672.679214,Low,Low Quality Expensive
9740,Uptown/Garden District,35380.0,2,26,22.734848,591.106048,Low,Low Quality Expensive
9751,Urban Essex,35084.0,2,57,27.509374,1568.034318,Low,Low Quality Expensive
9762,Utica,46540.0,2,15,14.094741,211.42111500000001,Low,Low Quality Less Expensive
9764,Utica-Rome,46540.0,1,2,14.755855842215173,29.511711684430345,Low,Low Quality Less Expensive
9767,Uvalde,46620.0,2,5,20.43149840694941,102.15749203474704,Low,Low Quality Expensive
9772,Vacaville/Dixon,46700.0,2,32,20.95369,670.51808,Low,Low Quality Expensive
9775,Valdosta,46660.0,2,60,15.200217428171127,912.0130456902676,Low,Low Quality Less Expensive
9785,Van Buren County,28020.0,2,8,18.645024,149.160192,Low,Low Quality Less Expensive
9787,Van Ness/Chinatown,41884.0,2,33,44.864818,1480.538994,Low,Low Quality Expensive
9791,Van Wert,46780.0,2,1,14.28252785441762,14.28252785441762,Low,Low Quality Less Expensive
9795,Vashon/Maury Island,42660.0,1,1,27.03824,27.03824,Low,Low Quality Expensive
9797,Ventura,37100.0,2,90,25.792381,2321.31429,Low,Low Quality Expensive
9799,Vermillion,46820.0,2,1,17.348242880998036,17.348242880998036,Low,Low Quality Less Expensive
9800,Vernal,46860.0,2,3,18.771628985281353,56.31488695584406,Low,Low Quality Less Expensive
9802,Vernon,46900.0,2,1,24.415788641161548,24.415788641161548,Low,Low Quality Expensive
9805,Vicksburg,46980.0,2,4,15.389239803552416,61.55695921420966,Low,Low Quality Less Expensive
9807,Victoria,47020.0,2,16,19.1645957716806,306.6335323468896,Low,Low Quality Less Expensive
9810,Vidalia,47080.0,2,3,11.621299625507655,34.86389887652297,Low,Low Quality Less Expensive
9813,Vienna,47900.0,2,30,24.35752,730.7256,Low,Low Quality Expensive
9817,Villa Rica/West Outlying,12060.0,2,19,18.57927,353.00613000000004,Low,Low Quality Less Expensive
9820,Village West MF,22020.0,2,6,12.758175173560684,76.5490510413641,Low,Low Quality Less Expensive
9821,Vincennes,47180.0,2,2,14.085532087642193,28.171064175284386,Low,Low Quality Less Expensive
9823,Vineland-Bridgeton,47220.0,2,1,18.242736562205277,18.242736562205277,Low,Low Quality Less Expensive
9825,Vineland/Bridgeton,47220.0,2,23,17.34735,398.98904999999996,Low,Low Quality Less Expensive
9827,Vineyard Haven,47240.0,2,1,29.946993495005387,29.946993495005387,Low,Low Quality Expensive
9834,Visalia-Porterville,47300.0,2,8,15.774921907124066,126.19937525699252,Low,Low Quality Less Expensive
9837,Vista,41740.0,2,30,24.800613,744.01839,Low,Low Quality Expensive
9840,Vulcan/Oxmoor,13820.0,2,20,16.405291,328.10582,Low,Low Quality Less Expensive
9842,W Cambridge/Alewife,14460.0,2,22,32.123254,706.7115880000001,Low,Low Quality Expensive
9845,W Carroll County,12060.0,2,13,18.199358,236.591654,Low,Low Quality Less Expensive
9847,W Charleston County,16700.0,2,3,23.825474,71.476422,Low,Low Quality Expensive
9849,W Grand Rapids/Walker,24340.0,2,12,15.531978,186.383736,Low,Low Quality Less Expensive
9851,W Outer Albany County,10580.0,2,64,15.450685,988.84384,Low,Low Quality Less Expensive
9856,W Outlying Fresno County,23420.0,2,2,16.27645,32.5529,Low,Low Quality Less Expensive
9857,W Outlying Jefferson Cnty,31140.0,2,1,15.489827,15.489827,Low,Low Quality Less Expensive
9858,W Seminole Outlying,36740.0,2,12,17.619326,211.431912,Low,Low Quality Less Expensive
9861,W Tudor/Dimond-15,11260.0,2,15,22.823551,342.35326499999996,Low,Low Quality Expensive
9865,Wabash,47340.0,2,3,16.475091117561593,49.42527335268478,Low,Low Quality Less Expensive
9867,Waco,47380.0,2,33,16.59204433233185,547.537462966951,Low,Low Quality Less Expensive
9871,Wahpeton,47420.0,2,1,14.757943383124527,14.757943383124527,Low,Low Quality Less Expensive
9877,Walker County,13820.0,2,4,17.062429,68.249716,Low,Low Quality Less Expensive
9879,Walker County,16860.0,2,3,16.69877,50.09631,Low,Low Quality Less Expensive
9881,Walla Walla,47460.0,2,15,20.778581602034496,311.67872403051746,Low,Low Quality Expensive
9883,Wallingford,35300.0,2,16,16.474372,263.589952,Low,Low Quality Less Expensive
9886,Walnut Creek-BART/DT,36084.0,2,75,34.045162,2553.38715,Low,Low Quality Expensive
9889,Walnut Creek-Shadelands,36084.0,2,27,29.013252,783.357804,Low,Low Quality Expensive
9895,Walton County,12060.0,2,24,19.03568,456.85632,Low,Low Quality Less Expensive
9897,Walworth East,48580.0,2,13,17.186597,223.425761,Low,Low Quality Less Expensive
9899,Walworth West,48580.0,2,12,16.686815,200.24178,Low,Low Quality Less Expensive
9901,Wapakoneta,47540.0,2,3,15.504647215380713,46.513941646142136,Low,Low Quality Less Expensive
9904,Ward Parkway,28140.0,2,21,19.236978,403.976538,Low,Low Quality Less Expensive
9911,Warner Robins,47580.0,2,36,17.223952062229767,620.0622742402716,Low,Low Quality Less Expensive
9913,Warren,47620.0,2,1,23.45308821012733,23.45308821012733,Low,Low Quality Expensive
9916,Warren,49660.0,2,3,13.089463,39.268389,Low,Low Quality Less Expensive
9919,Warren County,10900.0,2,26,16.595562,431.484612,Low,Low Quality Less Expensive
9923,Warren County,24020.0,2,16,14.083799,225.340784,Low,Low Quality Less Expensive
9925,Warren County,41180.0,2,6,16.676221,100.05732600000002,Low,Low Quality Less Expensive
9927,Warren County,47900.0,2,15,24.788198,371.82297,Low,Low Quality Expensive
9930,Warrick County,21780.0,2,12,14.128666,169.543992,Low,Low Quality Less Expensive
9932,Warrington,37860.0,2,5,16.357007,81.785035,Low,Low Quality Less Expensive
9934,Warsaw,47700.0,2,11,17.159332723588662,188.7526599594753,Low,Low Quality Less Expensive
9940,Washington,47780.0,2,5,16.704196670154417,83.52098335077208,Low,Low Quality Less Expensive
9943,Washington,47820.0,2,8,14.705810308554735,117.64648246843788,Low,Low Quality Less Expensive
9946,Washington Cnty Outlying,33460.0,2,38,19.426629,738.2119019999999,Low,Low Quality Less Expensive
9948,Washington County,24020.0,2,5,14.751564,73.75782,Low,Low Quality Less Expensive
9951,Washington County,25180.0,2,47,17.199871,808.393937,Low,Low Quality Less Expensive
9954,Washington County,28700.0,2,23,13.115216,301.649968,Low,Low Quality Less Expensive
9956,Washington County,31140.0,2,2,15.287648,30.575296,Low,Low Quality Less Expensive
9957,Washington County,36540.0,2,2,14.152868,28.305736,Low,Low Quality Less Expensive
9959,Washington County,38300.0,2,79,15.063301,1190.000779,Low,Low Quality Less Expensive
9963,Washington County,39300.0,2,39,19.598708,764.349612,Low,Low Quality Less Expensive
9966,Washington East,33340.0,2,9,17.14803,154.33227,Low,Low Quality Less Expensive
9969,Washington West,33340.0,2,4,14.603638,58.414552,Low,Low Quality Less Expensive
9980,Washtenaw W of 23,11460.0,2,152,20.899653,3176.747256,Low,Low Quality Expensive
9984,Waterbury,35300.0,2,25,16.11216,402.804,Low,Low Quality Less Expensive
9986,Waterfront/North Beach,41884.0,2,27,55.856704,1508.131008,Low,Low Quality Expensive
9990,Waterloo-Cedar Falls,47940.0,2,25,18.20156918652674,455.0392296631685,Low,Low Quality Less Expensive
9999,Watertown MF,29380.0,2,1,16.469532,16.469532,Low,Low Quality Less Expensive
10000,Watertown-Fort Atkinson,48020.0,2,2,13.238279401143064,26.476558802286128,Low,Low Quality Less Expensive
10002,Watsonville,42100.0,2,21,21.483883,451.161543,Low,Low Quality Expensive
10005,Wauchula,48100.0,2,1,18.5312385792,18.5312385792,Low,Low Quality Less Expensive
10007,Wausau,48140.0,2,15,15.864771527022151,237.97157290533227,Low,Low Quality Less Expensive
10014,Wayne County,40380.0,2,5,13.94195,69.70975,Low,Low Quality Less Expensive
10017,Weatherford,48220.0,2,5,16.62700778540749,83.13503892703744,Low,Low Quality Less Expensive
10018,Webster County,44180.0,1,1,15.324926,15.324926,Low,Low Quality Less Expensive
10020,Weirton-Steubenville,48260.0,2,15,17.486728664295985,262.3009299644398,Low,Low Quality Less Expensive
10023,Weld County,24540.0,2,82,16.163587,1325.4141339999999,Low,Low Quality Less Expensive
10026,Wellesley/Needham,14460.0,2,75,29.426088,2206.9566,Low,Low Quality Expensive
10029,Wells County,23060.0,2,3,12.990786,38.972358,Low,Low Quality Less Expensive
10031,Wenatchee,48300.0,2,34,20.112504131467162,683.8251404698835,Low,Low Quality Expensive
10034,West,17460.0,2,89,17.539486,1561.014254,Low,Low Quality Less Expensive
10038,West,18140.0,2,15,15.521032,232.81548,Low,Low Quality Less Expensive
10047,West,30780.0,2,37,19.729605,729.9953849999999,Low,Low Quality Less Expensive
10051,West,34980.0,2,17,22.136928,376.32777600000003,Low,Low Quality Expensive
10054,West,43340.0,2,5,14.257581,71.287905,Low,Low Quality Less Expensive
10057,West,46140.0,2,9,13.260404,119.34363599999999,Low,Low Quality Less Expensive
10059,West Acres MF,22020.0,2,3,15.67417909186142,47.02253727558426,Low,Low Quality Less Expensive
10063,West Allis,33340.0,2,24,15.556645,373.35947999999996,Low,Low Quality Less Expensive
10067,West Asheville,11700.0,2,22,18.95164,416.93608,Low,Low Quality Less Expensive
10071,West Ashley,16700.0,2,63,22.035098,1388.211174,Low,Low Quality Expensive
10074,West Atlanta,12060.0,2,13,21.041467,273.53907100000004,Low,Low Quality Expensive
10082,West Boise,14260.0,2,64,14.480491,926.751424,Low,Low Quality Less Expensive
10086,West Bottoms,28140.0,2,9,18.786677,169.080093,Low,Low Quality Less Expensive
10089,West Bremerton,14740.0,2,3,20.214298,60.642894,Low,Low Quality Expensive
10091,West Brunswick,34820.0,2,16,17.094658,273.514528,Low,Low Quality Less Expensive
10094,West Burlington/Airport,15500.0,2,31,17.356762,538.059622,Low,Low Quality Less Expensive
10097,West Central,12420.0,2,48,41.318699,1983.297552,Low,Low Quality Expensive
10100,West Charlottesville MF,16820.0,2,2,22.932782017178607,45.86556403435721,Low,Low Quality Expensive
10102,West Chester,37980.0,2,62,20.289755,1257.96481,Low,Low Quality Expensive
10106,West Christian County,44180.0,2,10,14.159967,141.59967,Low,Low Quality Less Expensive
10109,West Colonial,36740.0,2,63,22.278288,1403.532144,Low,Low Quality Expensive
10113,West County,41180.0,2,36,17.657753,635.679108,Low,Low Quality Less Expensive
10115,West Creek,40060.0,2,4,16.41419,65.65676,Low,Low Quality Less Expensive
10120,West Denver,19740.0,2,158,20.269954,3202.6527319999996,Low,Low Quality Expensive
10123,West End,20260.0,2,3,18.664859,55.994577,Low,Low Quality Less Expensive
10124,West End,24860.0,2,9,19.019922,171.17929800000002,Low,Low Quality Less Expensive
10128,West End,34980.0,2,34,30.017466,1020.593844,Low,Low Quality Expensive
10134,West End,40060.0,2,61,15.996073,975.7604530000001,Low,Low Quality Less Expensive
10141,West Fresno,23420.0,2,3,15.561773,46.685319,Low,Low Quality Less Expensive
10142,West Gainesville MF,23540.0,2,25,18.325241001306754,458.13102503266884,Low,Low Quality Less Expensive
10145,West Greensboro,24660.0,2,13,14.261035,185.393455,Low,Low Quality Less Expensive
10147,West Greenville MF,24780.0,2,1,16.838854291888364,16.838854291888364,Low,Low Quality Less Expensive
10149,West Hartford,25540.0,2,27,23.086061,623.323647,Low,Low Quality Expensive
10153,West Haven,35300.0,2,14,16.452187,230.330618,Low,Low Quality Less Expensive
10156,West Hollywood,31084.0,2,91,48.040698,4371.703518,Low,Low Quality Expensive
10164,West I-287 Corridor,35614.0,2,37,27.686066,1024.384442,Low,Low Quality Expensive
10168,West Islands,16700.0,2,9,23.639295,212.753655,Low,Low Quality Expensive
10181,West Lexington/Fayette,30460.0,2,61,15.179222,925.932542,Low,Low Quality Less Expensive
10190,West Los Angeles,31084.0,2,58,42.725126,2478.0573080000004,Low,Low Quality Expensive
10194,West Maui,27980.0,2,3,29.658221,88.974663,Low,Low Quality Expensive
10197,West Mesa,10740.0,2,21,15.339362,322.126602,Low,Low Quality Less Expensive
10200,West Miami,33124.0,2,32,32.629597,1044.147104,Low,Low Quality Expensive
10203,West Mobile,33660.0,2,94,13.752474,1292.732556,Low,Low Quality Less Expensive
10207,West Montgomery County,37980.0,2,73,16.787425,1225.482025,Low,Low Quality Less Expensive
10217,West Palm Beach,48424.0,2,95,25.466719,2419.338305,Low,Low Quality Expensive
10221,West Palm Beach CBD,48424.0,2,39,30.199716,1177.788924,Low,Low Quality Expensive
10230,West Pender County,48900.0,2,5,19.995333,99.976665,Low,Low Quality Less Expensive
10233,West Pensacola,37860.0,2,8,14.815471,118.523768,Low,Low Quality Less Expensive
10236,West Philadelphia,37980.0,2,11,23.156804,254.72484400000002,Low,Low Quality Expensive
10254,West Sacramento,40900.0,2,15,20.447976,306.71964,Low,Low Quality Expensive
10258,West San Jose,41940.0,2,40,39.537486,1581.49944,Low,Low Quality Expensive
10262,West San Patricio Cnty,18580.0,2,1,15.72149,15.72149,Low,Low Quality Less Expensive
10263,West Side,18580.0,2,7,15.563977,108.947839,Low,Low Quality Less Expensive
10266,West Side,43900.0,2,25,14.660585,366.51462499999997,Low,Low Quality Less Expensive
10269,West Side Greenville,24860.0,2,20,16.953985,339.0797,Low,Low Quality Less Expensive
10272,West Southwest Ft Worth,19100.0,2,152,23.62538,3591.05776,Low,Low Quality Expensive
10276,West Tallahassee,45220.0,2,10,15.135276,151.35276,Low,Low Quality Less Expensive
10279,West Tucson,46060.0,2,17,18.141128,308.39917599999995,Low,Low Quality Less Expensive
10291,West Warwick,39300.0,2,3,18.331904,54.995712000000005,Low,Low Quality Less Expensive
10294,West Wichita Falls MF,48660.0,2,4,14.62489785303408,58.49959141213632,Low,Low Quality Less Expensive
10297,West of Van Ness,41884.0,2,88,52.237508,4596.900704,Low,Low Quality Expensive
10301,West/Central,36420.0,2,24,14.237286,341.694864,Low,Low Quality Less Expensive
10304,West/Sylvania,45780.0,2,78,15.222242,1187.334876,Low,Low Quality Less Expensive
10308,Westbank,35380.0,2,32,12.900394,412.812608,Low,Low Quality Less Expensive
10315,Western Bergen,35614.0,2,24,27.496059,659.905416,Low,Low Quality Expensive
10317,Western Branch,47260.0,2,6,17.167564,103.00538399999999,Low,Low Quality Less Expensive
10325,Western Forsyth County,49180.0,2,15,14.296659,214.449885,Low,Low Quality Less Expensive
10327,Western Greenville County,24860.0,2,3,17.394826,52.184478,Low,Low Quality Less Expensive
10329,Western Kalamazoo County,28020.0,2,21,14.524678,305.018238,Low,Low Quality Less Expensive
10332,Western Monmouth,35614.0,2,69,25.03592,1727.47848,Low,Low Quality Expensive
10335,Western Morris,35084.0,2,87,19.653569,1709.860503,Low,Low Quality Less Expensive
10343,Western SFV,31084.0,2,117,24.951732,2919.352644,Low,Low Quality Expensive
10347,Western SGV,31084.0,2,168,29.032263,4877.4201840000005,Low,Low Quality Expensive
10351,Western Suburbs,19780.0,2,84,18.038116,1515.201744,Low,Low Quality Less Expensive
10355,Western Suffolk,35004.0,2,149,25.44467,3791.2558299999996,Low,Low Quality Expensive
10360,Westerville,18140.0,2,83,17.034576,1413.8698080000001,Low,Low Quality Less Expensive
10363,Westgate MF,22020.0,2,16,14.32395313045706,229.18325008731296,Low,Low Quality Less Expensive
10370,Westminster,11244.0,2,20,26.455641,529.11282,Low,Low Quality Expensive
10373,Westmoreland County,38300.0,2,129,14.253467,1838.697243,Low,Low Quality Less Expensive
10377,Westport,14860.0,2,55,29.773169,1637.524295,Low,Low Quality Expensive
10381,Westport Rd/Brownsboro Rd,31140.0,2,23,15.079565,346.829995,Low,Low Quality Less Expensive
10389,Westside,13820.0,2,2,19.110985,38.22197,Low,Low Quality Less Expensive
10390,Westside,21780.0,2,3,13.425866,40.277598,Low,Low Quality Less Expensive
10393,Westside,36500.0,2,23,23.480689,540.0558470000001,Low,Low Quality Expensive
10399,Westside Outlying,38900.0,2,11,21.068529,231.75381900000002,Low,Low Quality Expensive
10402,Westwood,31084.0,2,43,46.155221,1984.674503,Low,Low Quality Expensive
10406,Westwood Richland MF,10180.0,2,2,13.981033272752223,27.962066545504445,Low,Low Quality Less Expensive
10410,Wethersfield,25540.0,2,17,19.30534,328.19078,Low,Low Quality Less Expensive
10414,Wheeling,48540.0,2,20,16.169368301418643,323.38736602837287,Low,Low Quality Less Expensive
10420,White Rock,19100.0,2,55,20.58863,1132.37465,Low,Low Quality Expensive
10423,Whitewater-Elkhorn,48580.0,2,2,15.590968511859144,31.181937023718287,Low,Low Quality Less Expensive
10428,Wichita Falls,48660.0,2,4,14.693151454291993,58.77260581716797,Low,Low Quality Less Expensive
10431,Williamsburg/J City Cnty,47260.0,2,80,15.752836,1260.22688,Low,Low Quality Less Expensive
10434,Williamsport,48700.0,2,19,17.12975246080776,325.4652967553475,Low,Low Quality Less Expensive
10437,Williamston/Weberville,29620.0,2,4,14.753982,59.015928,Low,Low Quality Less Expensive
10443,Willmar,48820.0,2,10,16.384660402964784,163.84660402964784,Low,Low Quality Less Expensive
10445,Wilmington,48900.0,2,3,13.631218954025563,40.89365686207669,Low,Low Quality Less Expensive
10448,Wilmington,48940.0,2,10,13.899216266585182,138.99216266585182,Low,Low Quality Less Expensive
10450,Wilmington CBD,37980.0,2,48,19.660478,943.7029440000001,Low,Low Quality Less Expensive
10455,Wilmington/Reading,14460.0,2,30,20.660831,619.82493,Low,Low Quality Expensive
10459,Wilson,48980.0,2,18,17.386645246000246,312.95961442800444,Low,Low Quality Less Expensive
10462,Wilson County,34980.0,2,38,18.947571,720.007698,Low,Low Quality Less Expensive
10467,Wilsonville,38900.0,2,10,21.83026,218.30259999999998,Low,Low Quality Expensive
10471,Wilton,14860.0,2,27,25.387745,685.469115,Low,Low Quality Expensive
10474,Winchester,49020.0,2,3,17.660771529902817,52.98231458970845,Low,Low Quality Less Expensive
10476,Winchester City,49020.0,2,25,19.940992,498.5248,Low,Low Quality Less Expensive
10479,Windham County,49340.0,2,17,17.170661,291.901237,Low,Low Quality Less Expensive
10482,Windsor,25540.0,2,10,19.522062,195.22062,Low,Low Quality Less Expensive
10486,Windsor Locks,25540.0,2,10,20.206417,202.06417,Low,Low Quality Expensive
10487,Windward,46520.0,2,11,39.088797,429.976767,Low,Low Quality Expensive
10497,Winston-Salem CBD,49180.0,2,18,14.838656,267.09580800000003,Low,Low Quality Less Expensive
10501,Winter Park,36740.0,2,114,24.895135,2838.0453899999998,Low,Low Quality Expensive
10504,Wisconsin Rapids-Marshfield,49220.0,2,8,14.943444388812244,119.54755511049795,Low,Low Quality Less Expensive
10507,Wise County,19100.0,2,5,23.049051,115.24525499999999,Low,Low Quality Expensive
10511,Woodbridge,35300.0,2,13,16.041137,208.53478099999998,Low,Low Quality Less Expensive
10514,Woodbridge/I-95 Corridor,47900.0,2,80,25.028993,2002.31944,Low,Low Quality Expensive
10517,Woodford County,30460.0,2,5,12.751288,63.756440000000005,Low,Low Quality Less Expensive
10519,Woodford County,37900.0,1,1,12.448859,12.448859,Low,Low Quality Less Expensive
10524,Woodland Hills/Warner Ctr,31084.0,2,60,29.380153,1762.80918,Low,Low Quality Expensive
10528,Woodlawn,12580.0,2,24,18.950204,454.804896,Low,Low Quality Less Expensive
10541,Wooster,49300.0,2,17,13.00341153530541,221.05799610019199,Low,Low Quality Less Expensive
10543,Worcester,49340.0,2,8,31.064059937340385,248.51247949872308,Low,Low Quality Expensive
10547,Worcester Metro,49340.0,2,75,19.878333,1490.8749750000002,Low,Low Quality Less Expensive
10555,Worthington,18140.0,2,60,17.950205,1077.0123,Low,Low Quality Less Expensive
10558,Worthington,49380.0,2,1,19.77898665831246,19.77898665831246,Low,Low Quality Less Expensive
10560,Wright County,33460.0,2,29,19.286445,559.306905,Low,Low Quality Less Expensive
10563,Wright MF,18880.0,2,7,14.691402965978263,102.83982076184785,Low,Low Quality Less Expensive
10565,Wrightsville Beach,48900.0,2,4,22.70681,90.82724,Low,Low Quality Expensive
10573,Yadkin County,49180.0,2,5,12.860184,64.30092,Low,Low Quality Less Expensive
10577,Yakima CBD,49420.0,2,10,18.839871,188.39871,Low,Low Quality Less Expensive
10581,Yamhill County,38900.0,2,27,20.553275,554.9384249999999,Low,Low Quality Expensive
10583,Yankton,49460.0,2,4,16.323945319964018,65.29578127985607,Low,Low Quality Less Expensive
10587,Yerba Buena,41884.0,2,17,51.983809,883.724753,Low,Low Quality Expensive
10590,York,47260.0,2,19,14.950328,284.056232,Low,Low Quality Less Expensive
10593,York County,16740.0,2,91,19.670408,1790.0071279999997,Low,Low Quality Less Expensive
10597,York County,38860.0,2,36,16.295797,586.648692,Low,Low Quality Less Expensive
10601,York County,49620.0,2,58,15.394313,892.8701540000001,Low,Low Quality Less Expensive
10603,York-Hanover,49620.0,2,1,13.502908223136,13.502908223136,Low,Low Quality Less Expensive
10606,Youngstown,49660.0,2,5,12.259881,61.299405,Low,Low Quality Less Expensive
10610,Yuba City,49700.0,2,5,21.67782519071838,108.3891259535919,Low,Low Quality Expensive
10612,Yuba County,49700.0,1,4,14.127111,56.508444,Low,Low Quality Less Expensive
10614,Yuma,49740.0,2,9,19.330687704729325,173.9761893425639,Low,Low Quality Less Expensive
10621,Zanesville,49780.0,2,21,15.28495324142538,320.984018069933,Low,Low Quality Less Expensive
10623,Zapata,49820.0,2,1,15.303232882255658,15.303232882255658,Low,Low Quality Less Expensive
10625,Zeeland,24340.0,2,5,16.17144,80.8572,Low,Low Quality Less Expensive
